country_iso3,year,gerd_pct_gdp,researchers_per_million,scopus_articles,patents_resident,mva_pct_gdp,hitech_export_share,gdp_pc_ppp,tfp_ctfp,berd_pct_gdp,patents_total_office
USA,2000,2.61982,3556.3917,306472.5,164795.0,15.1150690882174,,55045.6745311559,1.0,1.950657851,295895.0
USA,2001,2.63715,3598.59475,306733.89,177513.0,13.9193104206237,,55024.3542766281,1.0,1.909075368,326471.0
USA,2002,2.54746,3645.74808,321622.14,184245.0,13.4528837394598,,55443.2199435683,1.0,1.773868462,334445.0
USA,2003,2.55014,3851.4654,332537.09,188941.0,13.3165025029569,,56505.4468784112,1.0,1.752061066,342441.0
USA,2004,2.48685,3710.14634,356185.76,189536.0,13.1741780601703,,58139.0820195229,1.0,1.70498206,356943.0
USA,2005,2.50192,3635.29099,385012.19,207867.0,12.9833217030159,,59612.3907215559,1.0,1.734454967,390733.0
USA,2006,2.54545,3674.19384,387807.75,221784.0,12.9907263775984,,60684.3399832539,1.0,1.792678601,425966.0
USA,2007,2.61516,3624.05411,390236.82,241347.0,12.7697556443079,29.8991351588255,61314.4520816367,1.0,1.860320288,456154.0
USA,2008,2.74481,3751.46069,392570.88,231588.0,12.2167268184361,28.4192806106129,60806.2238713713,1.0,1.968061719,456321.0
USA,2009,2.7918,3877.89208,397790.4,224912.0,11.6987879252113,24.3626446890131,58722.496767251,1.0,1.95048828,456106.0
USA,2010,2.71443,3643.92768,407405.92,241977.0,11.9060799107128,22.6194775165319,59797.0736545937,1.0,1.853794522,490226.0
USA,2011,2.73803,3754.88228,420413.97,247750.0,11.9472438629074,20.624916162211,60253.2035796719,1.0,1.885237516,503582.0
USA,2012,2.67272,3734.6577,425174.02,268782.0,11.8575622570978,20.174250704896,61142.3637034265,1.0,1.859551851,542815.0
USA,2013,2.69591,3815.20951,427372.54,287831.0,11.7719128367022,20.188635370966,61966.6621370894,1.0,1.910633592,571612.0
USA,2014,2.70882,3915.0339,428017.63,285096.0,11.6174420373125,20.4843982208576,63026.8779187814,1.0,1.9350598,578802.0
USA,2015,2.77328,3949.66371,429258.44,288335.0,11.6055807430427,21.3904480368657,64367.7188912582,1.0,2.007715871,589410.0
USA,2016,2.83677,3897.11007,431807.73,295327.0,11.1581029329942,22.4192942002286,65025.9855980616,1.0,2.075712874,605571.0
USA,2017,2.88315,4020.59227,435377.24,293904.0,11.1814907295506,19.2659699620243,66164.0320014289,1.0,2.124203719,606956.0
USA,2018,2.98956,4322.78826,441099.68,285095.0,11.2802494089516,18.4842699258676,67728.4424921024,1.0,2.216545133,597141.0
USA,2019,3.14297,4367.20971,442656.75,285113.0,10.9764075104612,18.6853939276571,69121.4580016741,1.0,2.360354804,621453.0
USA,2020,3.41788,4567.79267,453889.89,269586.0,10.4725237062381,19.4939761609452,67406.8311325507,1.0,2.595250093,597172.0
USA,2021,3.4689,4900.77179,471378.18,262244.0,10.5250313827085,19.9014614131792,71441.231980595,1.0,2.698721152,591473.0
USA,2022,3.48736,4937.49441,447538.91,,,20.5789833007379,72828.7430907189,1.0,2.729052136,
USA,2023,3.44716,,430843.27,,,21.8459878355521,74351.6718197429,1.0,2.65784495,
USA,2024,,,,,,24.322982844202,75698.1773354629,,2.667761121,
CHN,2000,0.88409,549.57477,53284.78,25346.0,,,4065.86707804429,0.326036542654038,0.530108994,51906.0
CHN,2001,0.92948,582.78825,70675.54,30038.0,,,4372.43560608339,0.338364511728287,0.561737845,63450.0
CHN,2002,1.04418,631.73478,74939.98,39806.0,,,4744.38182475307,0.34209132194519,0.638867782,80232.0
CHN,2003,1.10465,667.9285,87585.89,56769.0,,,5191.78118308167,0.350558489561081,0.688950066,105317.0
CHN,2004,1.19732,713.42588,120909.26,65786.0,31.5101594673259,,5684.3881718733,0.368637204170227,0.800088901,130384.0
CHN,2005,1.29008,856.65892,165261.51,93485.0,31.6564574964127,,6298.29929808598,0.387925118207932,0.8813832,173327.0
CHN,2006,1.34923,931.20148,192021.09,122318.0,31.9945213596647,,7057.11131595304,0.394405245780945,0.959005681,210501.0
CHN,2007,1.35321,1076.73747,212955.37,153060.0,31.9005932714931,30.2374939097036,8013.78375739131,0.41160449385643,0.978169062,245161.0
CHN,2008,1.4233,1197.58885,246969.98,194579.0,31.6169791482305,29.4319344493349,8743.7020031299,0.413073837757111,1.042707986,289838.0
CHN,2009,1.6366,861.24883,284471.05,229096.0,31.0611528606438,31.9775769727453,9518.68128351945,0.403140187263489,1.198404554,314604.0
CHN,2010,1.68456,898.85545,307848.3,293066.0,31.0748956423241,32.1501169663397,10476.1525652407,0.395049452781677,1.236833437,391177.0
CHN,2011,1.75244,972.01743,320967.39,415829.0,31.5623565182378,30.5004796644425,11404.9179835542,0.404167711734772,1.32726099,526412.0
CHN,2012,1.88095,1028.98334,326400.8,535313.0,31.0143036500115,30.8618085179503,12217.9343813101,0.414909303188324,1.432345054,652777.0
CHN,2013,1.96246,1079.63795,351525.76,704936.0,30.1275021518721,31.5855813292794,13080.8787864744,0.401730418205261,1.503468722,825136.0
CHN,2014,1.98475,1101.80087,379465.82,801135.0,29.8300397890826,29.7037271802947,13968.5187785922,0.408635199069977,1.534141207,928177.0
CHN,2015,2.01703,1162.7108,401135.63,968252.0,28.3889960582852,30.4312672747562,14857.1088234405,0.414834350347519,1.548921229,1101864.0
CHN,2016,2.0595,1208.86205,430349.69,1204981.0,27.5237594259275,30.2545232296357,15772.8372607502,0.420263558626175,1.595385055,1338503.0
CHN,2017,2.07771,1235.84935,464153.83,1245709.0,27.5998559245177,30.9118639785891,16758.0463976858,0.432371765375137,1.612049073,1381594.0
CHN,2018,2.10232,1317.48914,513575.22,1393815.0,27.34341880328,31.5481478595353,17807.0490552244,0.439275443553925,1.627517088,1542002.0
CHN,2019,2.20144,1483.85803,608625.08,1243568.0,26.2594662949297,30.8186302968419,18820.5871645645,0.448498338460922,1.682299898,1400661.0
CHN,2020,2.35712,1600.30633,671731.01,1344817.0,25.5809804288007,31.2766154241293,19215.1012491012,0.45294800400734,1.804458282,1497159.0
CHN,2021,2.38165,1685.97511,756203.38,1426644.0,26.621932558827,30.2190732796596,20843.2978347377,0.466502696275711,1.831967792,1585663.0
CHN,2022,2.4945,1849.23669,885962.5,,25.9806695043084,27.7650612563156,21499.3125559757,0.474106669425964,1.935008317,
CHN,2023,2.57729,2107.27003,932711.93,,25.0144267929987,26.5682136542881,22687.2519534328,0.470938354730606,2.002840061,
CHN,2024,,,,,24.8415841892631,26.2777380479223,23841.4769141817,,2.091170674,
KOR,2000,2.0494,2324.08478,15875.05,72831.0,26.591050957139,,26404.1588575745,0.6907919049263,1.517561089,102010.0
KOR,2001,2.19872,2906.71111,18435.81,73714.0,25.1376270244517,,27440.6564915847,0.686028361320496,1.675063745,104612.0
KOR,2002,2.13042,3007.81714,20150.89,76570.0,24.7767716060025,,29395.2766036796,0.710735261440277,1.595542146,106136.0
KOR,2003,2.19657,3189.96825,23773.21,90313.0,24.4315182881075,,30142.4605585814,0.700656652450562,1.671407192,118651.0
KOR,2004,2.35292,3281.04385,27625.82,105250.0,26.4144323811178,,31579.5283048867,0.695138275623322,1.805077542,140115.0
KOR,2005,2.42725,3763.23464,32032.77,122188.0,26.0918099370413,,32886.0472450743,0.705442726612091,1.865424038,160921.0
KOR,2006,2.61516,4173.2456,37086.16,125476.0,25.7222784544775,,34429.6222013137,0.699661910533905,2.020419194,166189.0
KOR,2007,2.75895,4614.74679,41128.89,128701.0,25.9241510203287,32.4282584168837,36257.3401689702,0.707510352134705,2.103483848,172469.0
KOR,2008,2.86774,4892.49313,43712.38,127114.0,26.0793572324032,30.4501393108657,37064.1518484106,0.69260036945343,2.161317918,170632.0
KOR,2009,3.02145,5037.92837,45734.84,127316.0,26.3042343079035,32.1484365401841,37176.1939270969,0.684100806713104,2.243745378,163523.0
KOR,2010,3.17913,5429.43919,50064.7,131805.0,28.0990056835275,32.1343974843399,39574.0500732947,0.699791848659515,2.377976513,170101.0
KOR,2011,3.44409,5908.82443,53291.76,138034.0,29.0005575131874,28.2133210437189,40719.2273771671,0.685391902923584,2.635919819,178924.0
KOR,2012,3.6852,6393.34374,55711.68,148136.0,28.7408682052811,28.2220757644767,41537.6728611117,0.667213797569275,2.872577227,188915.0
KOR,2013,3.77487,6457.88851,56751.39,159978.0,28.8654766941182,29.8181999078998,42709.9751857887,0.620577394962311,2.963828638,204589.0
KOR,2014,3.88983,6867.33385,59378.7,164073.0,28.2760755546832,30.0608682657817,43806.9250985661,0.622738361358643,3.042717576,210292.0
KOR,2015,3.78907,7020.43916,61888.47,167275.0,27.8215922094514,31.2119270912605,44849.106767089,0.659733355045319,2.937564655,213694.0
KOR,2016,3.78638,7057.16003,61914.97,163424.0,27.5129940831191,30.5250266717443,46088.2430785383,0.668592691421509,2.943354519,208830.0
KOR,2017,4.07341,7453.21918,62977.5,159084.0,28.0322405682167,32.546316460744,47536.7898568851,0.663235127925873,3.234533681,204775.0
KOR,2018,4.27155,7918.46916,64793.42,162561.0,27.7672237489814,36.3912233579129,48834.4471157733,0.66531902551651,3.429761182,209992.0
KOR,2019,4.36379,8328.96727,67687.84,171603.0,26.370175590513,32.4050621736765,49790.8679884821,0.666869461536408,3.504207677,218975.0
KOR,2020,4.5214,8620.009,69089.86,180477.0,25.7002433607737,35.6022265413283,49374.0926148025,0.672617256641388,3.575466399,226759.0
KOR,2021,4.59673,9071.4503,72352.13,186245.0,26.2480856022754,36.014503674486,51718.2518656631,0.674871742725372,3.636849476,237998.0
KOR,2022,4.84753,9434.7613,71998.13,,26.4977408590265,36.118278931217,53228.6035655365,0.686116337776184,3.848094159,
KOR,2023,4.94352,9471.82543,71724.33,,25.4551420827792,30.2762799912651,54029.3434990785,0.660838425159454,3.914864301,
KOR,2024,,,,,26.6179725157922,36.2582559366674,55070.9386194121,,4.173045975,
JPN,2000,2.85841,5102.41299,96607.21,387364.0,22.1763071711397,,39731.7953686304,0.746676862239838,2.028363089,436865.0
JPN,2001,2.92348,5136.2064,96102.98,386767.0,21.1341691111698,,39748.9837725849,0.749795019626617,2.153846892,439175.0
JPN,2002,2.96514,4891.16889,98708.49,369458.0,20.5834886703527,,39690.3676794625,0.749776601791382,2.207304129,421044.0
JPN,2003,2.99319,5113.02549,101127.66,358184.0,20.7289803810477,,40152.1282635641,0.741451859474182,2.244206809,413093.0
JPN,2004,2.98125,5117.27802,103608.39,368416.0,20.9682846642218,,40986.7225710497,0.73605740070343,2.241642581,423081.0
JPN,2005,3.13092,5322.47485,111936.4,367960.0,21.0747523378016,,41740.352036905,0.74609237909317,2.393514857,427078.0
JPN,2006,3.22766,5352.83117,112743.45,347060.0,21.1496838498907,,42358.9337348253,0.731837093830109,2.490308877,408674.0
JPN,2007,3.29257,5344.2381,108597.61,333498.0,21.7466002143705,20.0653051826321,43041.5697058021,0.724536001682282,2.564602693,396291.0
JPN,2008,3.29224,5125.12165,106636.97,330110.0,21.2913565701219,18.8248542197178,42518.8423408417,0.707285165786743,2.583149528,391002.0
JPN,2009,3.1959,5114.01193,107477.28,295315.0,19.0562872563114,20.4459731275094,39999.9464203408,0.688595294952393,2.421279901,348596.0
JPN,2010,3.10495,5117.18164,107213.21,290081.0,20.8748350451523,19.1226872782363,41647.0458542008,0.69497412443161,2.375728195,344598.0
JPN,2011,3.20537,5123.33234,109048.37,287580.0,19.681527391438,18.392253763449,41640.6608721251,0.689626693725586,2.466942434,342610.0
JPN,2012,3.1737,5048.63399,107470.11,287013.0,19.7322355919965,18.2382479591573,42394.9433175064,0.68524569272995,2.431786262,342796.0
JPN,2013,3.27895,5166.83422,106967.6,271731.0,19.1807146120723,17.7587589107099,43304.1181931426,0.694311916828156,2.494975433,328436.0
JPN,2014,3.36788,5351.53211,103354.33,265959.0,19.4077759157435,17.7805347199635,43754.438013293,0.67695963382721,2.61874941,325989.0
JPN,2015,3.24071,5198.48902,100597.44,258839.0,20.0740179719411,18.0454889300336,44589.3032854003,0.701235353946686,2.543666059,318721.0
JPN,2016,3.10665,5232.70894,101166.54,260244.0,20.02776765534,17.620423854837,44926.6202909525,0.686388552188873,2.446575512,318381.0
JPN,2017,3.16636,5319.83455,101854.44,260292.0,20.1439342864069,17.5942774665502,45693.3776080987,0.680302202701569,2.494950576,318481.0
JPN,2018,3.2192,5339.51713,101998.64,253630.0,20.3304380979824,17.2970528139362,46133.0225978718,0.668954372406006,2.556745674,313567.0
JPN,2019,3.21824,5376.11987,100156.22,245372.0,20.0537040210689,17.0303844450023,46055.3498672487,0.657060921192169,2.547372268,307969.0
JPN,2020,3.26556,5450.44287,100403.47,227348.0,19.7836247262101,18.6333487896777,44212.5503415724,0.64131236076355,2.56850287,288472.0
JPN,2021,3.27383,5589.76698,106309.76,222452.0,19.6763666364,18.0039913482614,45999.4617966896,0.633846640586853,2.57191544,289200.0
JPN,2022,3.40053,5629.79566,102422.96,,18.8237454364041,18.2592615351902,46819.360613609,0.640356779098511,2.699460666,
JPN,2023,3.44125,5608.63075,96543.44,,19.4882904000273,17.1028060703212,47387.2172542523,0.639849066734314,2.723354212,
JPN,2024,,,,,18.817440470747,17.5547415163067,47479.8448545667,,2.85910792,
DEU,2000,2.38654,3154.48437,69738.56,51736.0,20.2840359494004,,49955.6461286496,1.01170945167542,1.671628335,62142.0
DEU,2001,2.3792,3230.26868,71531.01,49989.0,20.0863572804744,,50687.6500447924,1.03671181201935,1.654812278,60475.0
DEU,2002,2.40856,3240.75467,71323.34,47598.0,19.4763331174439,,50486.998248551,1.04553866386414,1.661899108,58187.0
DEU,2003,2.44232,3275.18656,72707.07,47818.0,19.5529741477412,,50191.7219389611,1.03488528728485,1.697109527,58481.0
DEU,2004,2.40278,3290.96185,75359.86,48448.0,19.7896242542651,,50786.0176463275,1.02324402332306,1.673019223,59234.0
DEU,2005,2.40266,3315.75626,83684.8,48367.0,19.7693607543503,,51264.8193748941,1.03932976722717,1.661902731,60222.0
DEU,2006,2.43043,3411.78697,85556.91,48012.0,20.3388454277918,,53307.1623767517,1.02288782596588,1.695999472,60585.0
DEU,2007,2.41918,3573.67338,88428.04,47853.0,20.5298911974573,15.4623925898068,54920.6589299724,1.02870333194733,1.692772459,60992.0
DEU,2008,2.57152,3726.67445,91145.74,49240.0,19.7585042946302,15.076241600562,55513.7558858315,1.00912058353424,1.779374961,62417.0
DEU,2009,2.68864,3916.78276,94182.88,47859.0,17.3389014302498,16.7942910292468,52568.797424995,0.967760741710663,1.815378693,59583.0
DEU,2010,2.67632,4056.42386,96129.0,47047.0,19.4277050847717,16.8896855327149,54826.255453315,0.951706349849701,1.794429617,59245.0
DEU,2011,2.75016,4191.51741,99232.97,46986.0,20.1229017332202,16.3417186285114,57950.9589729677,0.971384942531586,1.859442064,59444.0
DEU,2012,2.82499,4355.567,103761.07,46620.0,20.0472978765968,17.2272861923698,58110.3768512245,0.967489242553711,1.921569118,61340.0
DEU,2013,2.78067,4380.38742,104396.2,47353.0,19.7600541430605,17.2979906043683,58182.0766176953,0.970366656780243,1.868710056,63167.0
DEU,2014,2.82218,4336.01915,105531.83,48154.0,20.1102373285709,17.2097149731509,59203.2340879963,0.98620879650116,1.909769574,65965.0
DEU,2015,2.87725,4755.29531,106776.31,47384.0,20.1379643216943,17.8243752766447,59668.9890355282,0.981896460056305,1.974454411,66893.0
DEU,2016,2.88393,4839.84645,108936.51,48480.0,20.4130244960425,18.0827014214761,60504.5857417161,1.01068162918091,1.966255739,67899.0
DEU,2017,2.9886,5058.39528,109775.28,47785.0,20.092676209306,15.850578794452,61965.4342904965,1.01617646217346,2.063757272,67712.0
DEU,2018,3.05057,5209.2143,109110.06,46617.0,19.8054472442,15.7474335584013,62481.1183971045,1.01597249507904,2.099611826,67898.0
DEU,2019,3.11256,5398.63462,110381.76,46632.0,19.3094694228334,16.3869405629417,62949.8932511855,1.0399796962738,2.143748869,67434.0
DEU,2020,3.0897,5390.05249,109197.76,42260.0,18.52749571104,15.5031959869375,60299.5767710809,1.02575957775116,2.058468957,62105.0
DEU,2021,3.0786,5520.57631,117127.47,39822.0,18.5726195842861,15.3851048227765,62630.7748127737,1.02246522903442,2.057418826,58569.0
DEU,2022,3.07096,5801.62324,112300.79,,18.3217735042199,17.4981505573659,63777.9291029299,1.04185116291046,2.050674038,
DEU,2023,3.1539,5926.07432,108782.34,,18.9402532641593,17.7818374796623,63140.1949099669,1.02178359031677,2.142712985,
DEU,2024,,,,,18.0067082931968,17.9772990379432,62654.602264023,,2.136974846,
GBR,2000,1.60963,2893.37563,77969.06,22050.0,13.2927633990762,,43818.3463079443,1.14494931697845,1.041821172,32747.0
GBR,2001,1.59544,3078.40932,74398.12,21423.0,12.5032376045377,,44693.6612621755,1.20699012279511,1.041074554,32081.0
GBR,2002,1.61383,3335.62719,74893.72,20624.0,12.0650803669037,,45265.4565169944,1.19737839698792,1.043748525,31531.0
GBR,2003,1.58131,3631.25708,76100.41,20426.0,11.5481005178606,,46505.2798806788,1.15878915786743,1.00410138,31624.0
GBR,2004,1.53089,3818.23524,79860.76,19178.0,10.9147243364129,,47317.027070979,1.14730954170227,0.954524117,29954.0
GBR,2005,1.55004,4117.74512,84953.36,17833.0,10.5616323261232,,48304.6753205932,1.1347599029541,0.948484553,27988.0
GBR,2006,1.57625,4176.43751,88295.14,17484.0,10.151074366746,,49000.9535382241,1.11381804943085,0.967850184,25745.0
GBR,2007,1.6183,4122.71329,90882.75,17375.0,9.71451845006441,20.8808205935258,50045.9163092519,1.08752453327179,1.007308228,24999.0
GBR,2008,1.60901,4077.28663,90802.2,16523.0,9.62129349520071,20.6167865586516,49629.0498697349,1.03300476074219,0.992128513,23379.0
GBR,2009,1.66991,4113.41572,92979.48,15985.0,9.29245449386144,20.4685287071557,46995.5449961945,0.964356064796448,1.001920604,22465.0
GBR,2010,1.63887,4089.20558,93217.93,15490.0,9.44927062659089,23.3036586296348,47682.6525150443,0.883833110332489,0.99436887,21929.0
GBR,2011,1.64681,3973.02377,94938.06,15343.0,9.32683411729129,23.3057218186911,47714.2894262827,0.89582496881485,1.042441518,22259.0
GBR,2012,1.57587,4017.98198,97119.29,15370.0,9.37476041233473,23.460196722755,48099.6594401942,0.867291450500488,0.993588924,23235.0
GBR,2013,1.62096,4171.80763,98612.77,14972.0,9.5981044921613,23.5876424891453,48600.5100807266,0.840107262134552,1.031137931,22938.0
GBR,2014,2.26488,4280.79983,97947.22,15196.0,9.44084101572958,22.2044750130662,49763.17387988,0.829143106937408,1.680954164,23040.0
GBR,2015,2.27566,4389.5625,99583.05,14867.0,9.38451755587091,22.3335907744673,50462.8329992477,0.830129086971283,1.719539672,22801.0
GBR,2016,2.32051,4434.65942,100099.61,13876.0,9.13168940843145,23.5591126028431,51168.2925796814,0.847811579704285,1.77657619,22059.0
GBR,2017,2.32602,4472.69458,100863.84,13301.0,9.04234267998333,22.6194649609659,52429.1275538988,0.857352077960968,1.780212109,22072.0
GBR,2018,2.70889,,101075.46,12865.0,9.01545847936897,22.3331118559009,52983.039541197,0.832993447780609,1.887722139,20941.0
GBR,2019,2.6707,,102035.76,12061.0,8.98151366135499,23.0942001089205,53374.0927628482,0.842049896717072,1.872380392,19250.0
GBR,2020,2.93993,,103341.82,11990.0,9.08180842652208,23.0073604990707,47930.5490378931,0.84792160987854,2.070625777,20649.0
GBR,2021,2.89968,,108095.52,11592.0,8.73281920838765,23.8654057182193,51840.4424245515,0.833309829235077,2.020492093,18855.0
GBR,2022,2.75224,,101776.16,,7.9613351523025,27.1597708192348,53979.7679116234,0.851331949234009,1.96986806,
GBR,2023,2.67614,,97535.98,,8.22392851588786,28.8917146113567,53423.4226338292,0.834241688251495,1.932851385,
GBR,2024,,,,,7.9734900624048,29.233260009076,53412.0647163589,,1.923935124,
ISR,2000,3.81316,,9345.74,1599.0,16.5594666698272,,33278.5412285682,0.827740490436554,3.070946162,6802.0
ISR,2001,4.05338,,9369.95,1248.0,15.2660584204072,,32591.2116817431,0.850016593933106,3.278334071,6769.0
ISR,2002,3.99197,,9660.07,1213.0,14.6195517258974,,31892.5395978816,0.828745126724243,3.199220713,6308.0
ISR,2003,3.76142,,9852.03,1329.0,14.2145451148657,,31771.2115906733,0.795268177986145,2.9533003,5898.0
ISR,2004,3.74703,,10389.88,1544.0,14.0232634217693,,32665.8537052438,0.777739107608795,3.008761578,6414.0
ISR,2005,3.91123,,10503.36,1669.0,14.7673362817573,,33491.9913996395,0.768133521080017,3.191342309,6826.0
ISR,2006,4.01416,,11166.64,1342.0,15.0283379470689,,34744.8675092298,0.764988780021668,3.289036697,7496.0
ISR,2007,4.28533,,11158.24,1615.0,15.3681304031082,7.62716744231259,36288.0655118571,0.746957778930664,3.605404557,8009.0
ISR,2008,4.24165,,11300.99,1528.0,14.8323485847392,17.0560538737395,36795.4799112424,0.716218292713165,3.52630068,7742.0
ISR,2009,4.01799,,11144.24,1387.0,13.9998606147828,23.3965145235289,36364.7843182661,0.744183301925659,3.360947514,6774.0
ISR,2010,3.8421,,10840.85,1450.0,14.043791039316,19.3753611640664,37686.3420833543,0.740368068218231,3.193452721,7306.0
ISR,2011,3.91608,,11145.96,1360.0,13.5908818669391,18.3985722541565,39036.0247356871,0.746298372745514,3.285731951,6886.0
ISR,2012,4.06028,,11499.08,1319.0,13.7690007635811,19.8939600431067,39245.5078117687,0.7531578540802,3.425579916,6792.0
ISR,2013,4.10651,,11269.87,1201.0,12.9828311268844,19.0362582405147,40095.4756773092,0.695297539234161,3.488488095,6185.0
ISR,2014,4.19613,,11944.3,1125.0,12.5092649781181,19.4130528417277,40795.6290927281,0.696329474449158,3.601168798,6273.0
ISR,2015,4.29761,,12102.22,1285.0,12.9237212257425,23.6539775366063,40889.5989080834,0.729307532310486,3.707141072,6908.0
ISR,2016,4.59051,,12363.13,1300.0,12.0961436457446,21.8196172712291,41914.5802977706,0.74736487865448,4.003084874,6419.0
ISR,2017,4.74032,,12385.3,1436.0,11.5023862456544,21.0679788533896,42895.585129847,0.74693375825882,4.525677994,6813.0
ISR,2018,4.91965,,12684.14,1506.0,11.678065693861,22.5362840096475,43782.6526491689,0.710604250431061,4.862289928,7363.0
ISR,2019,5.35528,,12946.3,1368.0,11.6354672967477,23.0916656017552,44492.1226967084,0.709877490997315,5.233256679,7738.0
ISR,2020,5.83209,,13366.53,1642.0,12.3190734802149,28.197643074759,42926.5415418584,0.738076031208038,5.79030111,8123.0
ISR,2021,5.75725,,14633.85,1592.0,11.9008173223304,29.5956758722761,46151.100820403,0.732106268405914,5.820816695,9609.0
ISR,2022,6.17831,,14331.79,,12.0735689690971,29.1090540410523,48132.3637205177,0.727882444858551,6.224772035,
ISR,2023,6.34589,,13844.24,,11.4833400691841,34.9377735824443,47671.2476926086,0.7236447930336,6.504264171,
ISR,2024,,,,,11.2422190872096,37.2335173751738,47388.7236682364,,6.344755006,
FRA,2000,2.10066,2902.95091,50006.98,13870.0,14.3878392198042,,45922.4789363701,1.20046472549438,1.31307722,17353.0
FRA,2001,2.1494,2971.39049,50801.94,13499.0,13.9296551551957,,46454.8706927365,1.24751222133636,1.358247517,17104.0
FRA,2002,2.18758,3100.95366,50708.18,13519.0,13.4598053740839,,46610.7820717214,1.27746319770813,1.383656426,16908.0
FRA,2003,2.13086,3184.63585,52092.2,13511.0,12.9922663496214,,46730.975806379,1.19321596622467,1.334279202,16850.0
FRA,2004,2.10438,3320.66694,53582.82,14230.0,12.5672208197628,,47720.4413351103,1.12042999267578,1.327945321,17290.0
FRA,2005,2.05599,3297.84746,57905.0,14327.0,12.1452500973725,,48257.4650937971,1.10371625423431,1.277101006,17275.0
FRA,2006,2.05331,3405.181,60693.39,14529.0,11.6390346197616,,49223.247197008,1.07495737075806,1.295249219,17249.0
FRA,2007,2.02815,3563.56539,61455.44,14722.0,11.579923857885,20.1428349498868,50157.7837477634,1.05900323390961,1.277311431,17109.0
FRA,2008,2.06363,3636.48425,64067.01,14658.0,11.067976542911,21.4617976728355,50068.2969141379,1.02486419677734,1.294533351,16419.0
FRA,2009,2.21273,3722.99987,66255.51,14100.0,10.5216742580302,24.123557619924,48404.9657826363,1.01192510128021,1.365088544,15693.0
FRA,2010,2.17771,3849.5934,66841.36,14748.0,10.2775341468866,26.3233800074675,49130.422942344,0.968885242938995,1.375427698,16580.0
FRA,2011,2.18761,3920.65709,68818.9,14655.0,10.3132840454103,25.1193585926138,50085.6829779109,0.969671726226807,1.39906022,16754.0
FRA,2012,2.22761,4052.17043,70407.27,14540.0,10.2470795796382,26.6906319566323,49935.6269081617,0.968189775943756,1.43856684,16632.0
FRA,2013,2.23369,4133.56261,71475.21,14690.0,10.2533499274342,27.1817177565412,50066.5304324783,0.946403086185455,1.442669493,16886.0
FRA,2014,2.27173,4210.03605,71223.41,14500.0,10.1814983481472,27.4702736686884,50326.567863089,0.951782524585724,1.445521154,16533.0
FRA,2015,2.22401,4310.70957,70877.24,14306.0,10.3199116417468,28.2116908505326,50682.8953586333,0.962124168872833,1.438379122,16300.0
FRA,2016,2.22468,4392.04699,70242.04,14206.0,10.1652320223789,27.9331801598168,50984.075297832,0.969068825244904,1.448397791,16218.0
FRA,2017,2.20422,4546.76212,69138.49,14415.0,10.0100515756887,26.0180218998669,51895.5662985838,0.952686965465546,1.440825106,16247.0
FRA,2018,2.20407,4670.53241,67117.57,14303.0,9.88620521645328,25.9347849255776,52560.9536243841,0.926388502120972,1.444490844,16222.0
FRA,2019,2.19668,4773.97249,66167.74,14103.0,9.91095000638926,26.9265976407414,53448.5548849943,0.942259669303894,1.44808328,15869.0
FRA,2020,2.2742,4883.2219,65600.63,12771.0,9.24566710385932,21.1920405248012,49311.333409639,0.918414056301117,1.493562394,14313.0
FRA,2021,2.21278,5058.05374,67690.4,13386.0,9.09582515832787,22.305003085565,52517.3354905855,0.902548909187317,1.454395572,14759.0
FRA,2022,2.21937,5181.84576,65197.8,,9.3013624882498,21.9264611257156,53673.8137406422,0.910163402557373,1.46815852,
FRA,2023,2.17832,5368.63555,62180.46,,9.7687049703675,22.3835449721792,54296.7230897731,0.887171685695648,1.437428863,
FRA,2024,,,,,9.56647520690692,23.1371073769038,54799.3482689389,,1.43860257,
