country_iso3,year,semi_exports_hs8542,semi_status,hpc_top500_systems,hpc_top500_rmax_tflops,ai_publications_count,ai_citations_impact,ai_private_investment_usd_bn,ai_notable_models,quantum_ipf_count,quantum_publications
USA,2000,,,,,,,,,,
USA,2001,,,,,,,,,,
USA,2002,,,,,,,,,,
USA,2003,,,,,,,,,,
USA,2004,,,,,,,,,,
USA,2005,,,,,,,,,,
USA,2006,,,,,,,,,,
USA,2007,,,,,,,,,,
USA,2008,,,,,,,,,,
USA,2009,,,,,,,,,,
USA,2010,37684147374.0,retained_one_record,,,,,,,,
USA,2011,35781737127.0,retained_one_record,,,,,,,,
USA,2012,34385747732.0,retained_one_record,,,,,,,,
USA,2013,34544513963.0,retained_one_record,,,,,,,,
USA,2014,34475973514.0,retained_one_record,,,,,,,,
USA,2015,33477720332.0,retained_one_record,,,,,,,,
USA,2016,34772139022.0,retained_one_record,,,,,,,,
USA,2017,37990061851.0,retained_one_record,,,,,,,,
USA,2018,37691624085.0,retained_one_record,,,,,,,,
USA,2019,40099507189.0,retained_one_record,,,,,,,,
USA,2020,44212664301.0,retained_one_record,,,,,,,,
USA,2021,52816874085.0,retained_one_record,,,,,,,,
USA,2022,51623041691.0,retained_one_record,,,,,,,,
USA,2023,43556975377.0,retained_one_record,,,,,,,,
USA,2024,,,,,,,,,,
CHN,2000,,,,,,,,,,
CHN,2001,,,,,,,,,,
CHN,2002,,,,,,,,,,
CHN,2003,,,,,,,,,,
CHN,2004,,,,,,,,,,
CHN,2005,,,,,,,,,,
CHN,2006,,,,,,,,,,
CHN,2007,,,,,,,,,,
CHN,2008,,,,,,,,,,
CHN,2009,,,,,,,,,,
CHN,2010,29608267071.0,retained_one_record,,,,,,,,
CHN,2011,32900291554.0,retained_one_record,,,,,,,,
CHN,2012,53745300575.0,retained_one_record,,,,,,,,
CHN,2013,87880781336.0,retained_one_record,,,,,,,,
CHN,2014,61213334520.0,retained_one_record,,,,,,,,
CHN,2015,,quarantined_multi_record,,,,,,,,
CHN,2016,,quarantined_multi_record,,,,,,,,
CHN,2017,,quarantined_multi_record,,,,,,,,
CHN,2018,85037571985.0,retained_one_record,,,,,,,,
CHN,2019,102102959980.0,retained_one_record,,,,,,,,
CHN,2020,116989221967.0,retained_one_record,,,,,,,,
CHN,2021,154221191756.0,retained_one_record,,,,,,,,
CHN,2022,154524110996.0,retained_one_record,,,,,,,,
CHN,2023,136335025390.0,retained_one_record,,,,,,,,
CHN,2024,,,,,,,,,,
KOR,2000,,,,,,,,,,
KOR,2001,,,,,,,,,,
KOR,2002,,,,,,,,,,
KOR,2003,,,,,,,,,,
KOR,2004,,,,,,,,,,
KOR,2005,,,,,,,,,,
KOR,2006,,,,,,,,,,
KOR,2007,,,,,,,,,,
KOR,2008,,,,,,,,,,
KOR,2009,,,,,,,,,,
KOR,2010,37904491607.0,retained_one_record,,,,,,,,
KOR,2011,39664759274.0,retained_one_record,,,,,,,,
KOR,2012,41346577630.0,retained_one_record,,,,,,,,
KOR,2013,47118045374.0,retained_one_record,,,,,,,,
KOR,2014,51543873494.0,retained_one_record,,,,,,,,
KOR,2015,52173406254.0,retained_one_record,,,,,,,,
KOR,2016,52280253446.0,retained_one_record,,,,,,,,
KOR,2017,86103151684.0,retained_one_record,,,,,,,,
KOR,2018,109776376332.0,retained_one_record,,,,,,,,
KOR,2019,79076531427.0,retained_one_record,,,,,,,,
KOR,2020,82884355424.0,retained_one_record,,,,,,,,
KOR,2021,109296681667.0,retained_one_record,,,,,,,,
KOR,2022,112847160489.0,retained_one_record,,,,,,,,
KOR,2023,86134555070.0,retained_one_record,,,,,,,,
KOR,2024,,,,,,,,,,
JPN,2000,,,,,,,,,,
JPN,2001,,,,,,,,,,
JPN,2002,,,,,,,,,,
JPN,2003,,,,,,,,,,
JPN,2004,,,,,,,,,,
JPN,2005,,,,,,,,,,
JPN,2006,,,,,,,,,,
JPN,2007,,,,,,,,,,
JPN,2008,,,,,,,,,,
JPN,2009,,,,,,,,,,
JPN,2010,34532077600.0,retained_one_record,,,,,,,,
JPN,2011,32013157668.0,retained_one_record,,,,,,,,
JPN,2012,30586187233.0,retained_one_record,,,,,,,,
JPN,2013,26994832651.0,retained_one_record,,,,,,,,
JPN,2014,25477741996.0,retained_one_record,,,,,,,,
JPN,2015,23641511571.0,retained_one_record,,,,,,,,
JPN,2016,24064456047.0,retained_one_record,,,,,,,,
JPN,2017,26673541180.398,retained_one_record,,,,,,,,
JPN,2018,28035473943.137,retained_one_record,,,,,,,,
JPN,2019,27782032756.48,retained_one_record,,,,,,,,
JPN,2020,28880685724.671,retained_one_record,,,,,,,,
JPN,2021,34011057037.999,retained_one_record,,,,,,,,
JPN,2022,33627038485.197,retained_one_record,,,,,,,,
JPN,2023,30788027604.499,retained_one_record,,,,,,,,
JPN,2024,,,,,,,,,,
DEU,2000,,,,,,,,,,
DEU,2001,,,,,,,,,,
DEU,2002,,,,,,,,,,
DEU,2003,,,,,,,,,,
DEU,2004,,,,,,,,,,
DEU,2005,,,,,,,,,,
DEU,2006,,,,,,,,,,
DEU,2007,,,,,,,,,,
DEU,2008,,,,,,,,,,
DEU,2009,,,,,,,,,,
DEU,2010,,quarantined_multi_record,,,,,,,,
DEU,2011,,quarantined_multi_record,,,,,,,,
DEU,2012,,quarantined_multi_record,,,,,,,,
DEU,2013,,quarantined_multi_record,,,,,,,,
DEU,2014,,quarantined_multi_record,,,,,,,,
DEU,2015,,quarantined_multi_record,,,,,,,,
DEU,2016,,quarantined_multi_record,,,,,,,,
DEU,2017,,quarantined_multi_record,,,,,,,,
DEU,2018,,quarantined_multi_record,,,,,,,,
DEU,2019,,quarantined_multi_record,,,,,,,,
DEU,2020,,quarantined_multi_record,,,,,,,,
DEU,2021,,quarantined_multi_record,,,,,,,,
DEU,2022,,quarantined_multi_record,,,,,,,,
DEU,2023,,quarantined_multi_record,,,,,,,,
DEU,2024,,,,,,,,,,
GBR,2000,,,,,,,,,,
GBR,2001,,,,,,,,,,
GBR,2002,,,,,,,,,,
GBR,2003,,,,,,,,,,
GBR,2004,,,,,,,,,,
GBR,2005,,,,,,,,,,
GBR,2006,,,,,,,,,,
GBR,2007,,,,,,,,,,
GBR,2008,,,,,,,,,,
GBR,2009,,,,,,,,,,
GBR,2010,2487334957.0,retained_one_record,,,,,,,,
GBR,2011,2201328114.0,retained_one_record,,,,,,,,
GBR,2012,1941454463.0,retained_one_record,,,,,,,,
GBR,2013,1735038888.0,retained_one_record,,,,,,,,
GBR,2014,1677458326.0,retained_one_record,,,,,,,,
GBR,2015,1544012991.0,retained_one_record,,,,,,,,
GBR,2016,1567424445.0,retained_one_record,,,,,,,,
GBR,2017,,quarantined_multi_record,,,,,,,,
GBR,2018,1598431412.699,retained_one_record,,,,,,,,
GBR,2019,,quarantined_multi_record,,,,,,,,
GBR,2020,,quarantined_multi_record,,,,,,,,
GBR,2021,,quarantined_multi_record,,,,,,,,
GBR,2022,,quarantined_multi_record,,,,,,,,
GBR,2023,,quarantined_multi_record,,,,,,,,
GBR,2024,,,,,,,,,,
ISR,2000,,,,,,,,,,
ISR,2001,,,,,,,,,,
ISR,2002,,,,,,,,,,
ISR,2003,,,,,,,,,,
ISR,2004,,,,,,,,,,
ISR,2005,,,,,,,,,,
ISR,2006,,,,,,,,,,
ISR,2007,,,,,,,,,,
ISR,2008,,,,,,,,,,
ISR,2009,,,,,,,,,,
ISR,2010,2358885000.0,retained_one_record,,,,,,,,
ISR,2011,1787134000.0,retained_one_record,,,,,,,,
ISR,2012,2828920000.0,retained_one_record,,,,,,,,
ISR,2013,4075366000.0,retained_one_record,,,,,,,,
ISR,2014,3910199000.0,retained_one_record,,,,,,,,
ISR,2015,5578568000.0,retained_one_record,,,,,,,,
ISR,2016,3452510000.0,retained_one_record,,,,,,,,
ISR,2017,2764903000.0,retained_one_record,,,,,,,,
ISR,2018,3259649000.0,retained_one_record,,,,,,,,
ISR,2019,2098975000.0,retained_one_record,,,,,,,,
ISR,2020,2925553000.0,retained_one_record,,,,,,,,
ISR,2021,3746309000.0,retained_one_record,,,,,,,,
ISR,2022,4940699000.0,retained_one_record,,,,,,,,
ISR,2023,4744453000.0,retained_one_record,,,,,,,,
ISR,2024,,,,,,,,,,
FRA,2000,,,,,,,,,,
FRA,2001,,,,,,,,,,
FRA,2002,,,,,,,,,,
FRA,2003,,,,,,,,,,
FRA,2004,,,,,,,,,,
FRA,2005,,,,,,,,,,
FRA,2006,,,,,,,,,,
FRA,2007,,,,,,,,,,
FRA,2008,,,,,,,,,,
FRA,2009,,,,,,,,,,
FRA,2010,,missing_no_response,,,,,,,,
FRA,2011,,missing_no_response,,,,,,,,
FRA,2012,,missing_no_response,,,,,,,,
FRA,2013,,missing_no_response,,,,,,,,
FRA,2014,,missing_no_response,,,,,,,,
FRA,2015,,missing_no_response,,,,,,,,
FRA,2016,,missing_no_response,,,,,,,,
FRA,2017,,missing_no_response,,,,,,,,
FRA,2018,,missing_no_response,,,,,,,,
FRA,2019,,missing_no_response,,,,,,,,
FRA,2020,,missing_no_response,,,,,,,,
FRA,2021,,missing_no_response,,,,,,,,
FRA,2022,,missing_no_response,,,,,,,,
FRA,2023,,missing_no_response,,,,,,,,
FRA,2024,,,,,,,,,,
