var,latest_joint_year,USA,CHN,CHN_USA_ratio
gerd_pct_gdp,2023,3.44716,2.57729,0.7476560414950278
berd_pct_gdp,2023,2.65784495,2.002840061,0.7535579007345783
researchers_per_million,2022,4937.49441,1849.23669,0.37452937389755947
scopus_articles,2023,430843.27,932711.93,2.1648520354048935
patents_resident,2021,262244.0,1426644.0,5.440139717209926
patents_total_office,2021,591473.0,1585663.0,2.6808713161885667
mva_pct_gdp,2021,10.5250313827085,26.621932558827,2.52939222609483
hitech_export_share,2023,21.8459878355521,26.5682136542881,1.2161598667125073
gdp_pc_ppp,2023,74351.6718197429,22687.2519534328,0.30513438902134493
tfp_ctfp,2023,1.0,0.470938354730606,0.470938354730606
semi_exports_hs8542,2023,43556975377.0,136335025390.0,3.130038856233137
