var,scale_family,joint_year,USA,CHN,CHN_USA_ratio,gap_sign_level,cagr_t0,cagr_t1,CAGR_USA,CAGR_CHN,note,matches_D1_sign
gerd_pct_gdp,intensity,2023,3.44716,2.57729,0.7476560414950278,USA_higher,2010.0,2023.0,0.0185522018238701,0.0332511755100124,,True
berd_pct_gdp,intensity,2024,2.667761121,2.091170674,0.7838672876438549,USA_higher,2010.0,2024.0,0.0263413119260125,0.0382245748506127,,True
researchers_per_million,intensity,2022,4937.49441,1849.23669,0.3745293738975594,USA_higher,2010.0,2017.0,0.0141516410681308,0.0465347852471054,joint year latest mutual; CAGR window 2010-2017 (GBR/panel constraint),True
scopus_articles,volume,2024,439892.0,1078580.0,2.45192001673138,CHN_higher,2010.0,2024.0,0.0054949857383868,0.0936893211635656,2014-2024 from NSF Indicators 2026 Fig.29; pre-2014 World Bank WDI vintage,True
patents_resident,volume,2021,262244.0,1426644.0,5.440139717209926,CHN_higher,2010.0,2021.0,0.0073388609306304,0.1547457692864804,,True
patents_total_office,volume,2021,591473.0,1585663.0,2.6808713161885667,CHN_higher,2010.0,2021.0,0.0172146317160912,0.1356851887445873,,True
mva_pct_gdp,share,2021,10.5250313827085,26.621932558827,2.52939222609483,CHN_higher,2010.0,2021.0,-0.0111458581356903,-0.013962056432993,,True
hitech_export_share,share,2024,24.322982844202,26.2777380479223,1.0803665905716109,CHN_higher,2010.0,2024.0,0.005199924873801,-0.0143034320461545,,True
semi_exports_hs8542,volume_nominal,2023,43556975377.0,136335025390.0,3.130038856233137,CHN_higher,,,,,Comtrade HS8542 from exports.csv (clean is USA-only); ≠ fab; joint by mutual year,True
scopus_articles_CAGR_only,volume,2021,472375.0,761535.0,1.6121407779835937,CHN_higher,2010.0,2021.0,0.0135420676463,0.0858238421241956,dual-window; endpoint 2021; peak USA 2021=472375; NSF 2014-2024,True
scopus_articles_CAGR_only,volume,2024,439892.0,1078580.0,2.45192001673138,CHN_higher,2010.0,2024.0,0.0054949857383868,0.0936893211635656,dual-window; endpoint 2024; peak USA 2021=472375; NSF 2014-2024,True
gerd_usd_ppp,volume_absolute,2024,1009275.0,1028343.962,1.0188937227217558,CHN_higher,2010.0,2024.0,0.06673971816256663,0.11937329694442944,OECD MSTI mln USD PPP; do NOT arithmetically mix with WB gerd_pct_gdp,True
researchers_headcount_est_thousands,volume_absolute,2022,1686.322442949683,2635.4943488331865,1.5628650142515035,CHN_higher,2010.0,2017.0,0.023723241326314426,0.053133380101649585,est. thousands = researchers_per_million * PWT_pop_millions / 1000; not official headcount series,True
pwt_hc,index_optional,2023,3.82982563972473,2.74977564811707,0.7179897746767163,USA_higher,,,,,PWT human capital index; thin education coverage; not STEM,
