var,country,n_2010_2023,t0,t1
gerd_pct_gdp,USA,14,2010.0,2023.0
gerd_pct_gdp,CHN,14,2010.0,2023.0
gerd_pct_gdp,KOR,14,2010.0,2023.0
gerd_pct_gdp,JPN,14,2010.0,2023.0
gerd_pct_gdp,DEU,14,2010.0,2023.0
gerd_pct_gdp,GBR,14,2010.0,2023.0
gerd_pct_gdp,ISR,14,2010.0,2023.0
gerd_pct_gdp,FRA,14,2010.0,2023.0
berd_pct_gdp,USA,14,2010.0,2023.0
berd_pct_gdp,CHN,14,2010.0,2023.0
berd_pct_gdp,KOR,14,2010.0,2023.0
berd_pct_gdp,JPN,14,2010.0,2023.0
berd_pct_gdp,DEU,14,2010.0,2023.0
berd_pct_gdp,GBR,14,2010.0,2023.0
berd_pct_gdp,ISR,14,2010.0,2023.0
berd_pct_gdp,FRA,14,2010.0,2023.0
researchers_per_million,USA,13,2010.0,2022.0
researchers_per_million,CHN,14,2010.0,2023.0
researchers_per_million,KOR,14,2010.0,2023.0
researchers_per_million,JPN,14,2010.0,2023.0
researchers_per_million,DEU,14,2010.0,2023.0
researchers_per_million,GBR,8,2010.0,2017.0
researchers_per_million,ISR,0,,
researchers_per_million,FRA,14,2010.0,2023.0
scopus_articles,USA,14,2010.0,2023.0
scopus_articles,CHN,14,2010.0,2023.0
scopus_articles,KOR,14,2010.0,2023.0
scopus_articles,JPN,14,2010.0,2023.0
scopus_articles,DEU,14,2010.0,2023.0
scopus_articles,GBR,14,2010.0,2023.0
scopus_articles,ISR,14,2010.0,2023.0
scopus_articles,FRA,14,2010.0,2023.0
patents_resident,USA,12,2010.0,2021.0
patents_resident,CHN,12,2010.0,2021.0
patents_resident,KOR,12,2010.0,2021.0
patents_resident,JPN,12,2010.0,2021.0
patents_resident,DEU,12,2010.0,2021.0
patents_resident,GBR,12,2010.0,2021.0
patents_resident,ISR,12,2010.0,2021.0
patents_resident,FRA,12,2010.0,2021.0
patents_total_office,USA,12,2010.0,2021.0
patents_total_office,CHN,12,2010.0,2021.0
patents_total_office,KOR,12,2010.0,2021.0
patents_total_office,JPN,12,2010.0,2021.0
patents_total_office,DEU,12,2010.0,2021.0
patents_total_office,GBR,12,2010.0,2021.0
patents_total_office,ISR,12,2010.0,2021.0
patents_total_office,FRA,12,2010.0,2021.0
mva_pct_gdp,USA,12,2010.0,2021.0
mva_pct_gdp,CHN,14,2010.0,2023.0
mva_pct_gdp,KOR,14,2010.0,2023.0
mva_pct_gdp,JPN,14,2010.0,2023.0
mva_pct_gdp,DEU,14,2010.0,2023.0
mva_pct_gdp,GBR,14,2010.0,2023.0
mva_pct_gdp,ISR,14,2010.0,2023.0
mva_pct_gdp,FRA,14,2010.0,2023.0
hitech_export_share,USA,14,2010.0,2023.0
hitech_export_share,CHN,14,2010.0,2023.0
hitech_export_share,KOR,14,2010.0,2023.0
hitech_export_share,JPN,14,2010.0,2023.0
hitech_export_share,DEU,14,2010.0,2023.0
hitech_export_share,GBR,14,2010.0,2023.0
hitech_export_share,ISR,14,2010.0,2023.0
hitech_export_share,FRA,14,2010.0,2023.0
gdp_pc_ppp,USA,14,2010.0,2023.0
gdp_pc_ppp,CHN,14,2010.0,2023.0
gdp_pc_ppp,KOR,14,2010.0,2023.0
gdp_pc_ppp,JPN,14,2010.0,2023.0
gdp_pc_ppp,DEU,14,2010.0,2023.0
gdp_pc_ppp,GBR,14,2010.0,2023.0
gdp_pc_ppp,ISR,14,2010.0,2023.0
gdp_pc_ppp,FRA,14,2010.0,2023.0
tfp_ctfp,USA,14,2010.0,2023.0
tfp_ctfp,CHN,14,2010.0,2023.0
tfp_ctfp,KOR,14,2010.0,2023.0
tfp_ctfp,JPN,14,2010.0,2023.0
tfp_ctfp,DEU,14,2010.0,2023.0
tfp_ctfp,GBR,14,2010.0,2023.0
tfp_ctfp,ISR,14,2010.0,2023.0
tfp_ctfp,FRA,14,2010.0,2023.0
