block,column,joint_year,transform,country_iso3,raw_or_log,minmax_8countries
GERD % GDP,gerd_pct_gdp,2023,level,USA,3.44716,0.30445559402721495
GERD % GDP,gerd_pct_gdp,2023,level,CHN,2.57729,0.09573204529258064
GERD % GDP,gerd_pct_gdp,2023,level,KOR,4.94352,0.6635041522997817
GERD % GDP,gerd_pct_gdp,2023,level,JPN,3.44125,0.3030375014696815
GERD % GDP,gerd_pct_gdp,2023,level,DEU,3.1539,0.2340884496241216
GERD % GDP,gerd_pct_gdp,2023,level,GBR,2.67614,0.11945090304422011
GERD % GDP,gerd_pct_gdp,2023,level,ISR,6.34589,1.0
GERD % GDP,gerd_pct_gdp,2023,level,FRA,2.17832,0.0
Researchers / mn,researchers_per_million,2022,level,USA,4937.49441,0.40712513356409774
Researchers / mn,researchers_per_million,2022,level,CHN,1849.23669,0.0
Researchers / mn,researchers_per_million,2022,level,KOR,9434.7613,1.0
Researchers / mn,researchers_per_million,2022,level,JPN,5629.79566,0.4983912338793401
Researchers / mn,researchers_per_million,2022,level,DEU,5801.62324,0.5210432703348649
Researchers / mn,researchers_per_million,2022,level,GBR,,
Researchers / mn,researchers_per_million,2022,level,ISR,,
Researchers / mn,researchers_per_million,2022,level,FRA,5181.84576,0.43933798139770325
Articles (log),scopus_articles,2023,log,USA,12.973499660260433,0.8165533615021948
Articles (log),scopus_articles,2023,log,CHN,13.745851675455496,1.0
Articles (log),scopus_articles,2023,log,KOR,11.180585299572057,0.3907059420458512
Articles (log),scopus_articles,2023,log,JPN,11.477748341477929,0.46128717968222466
Articles (log),scopus_articles,2023,log,DEU,11.597104284052813,0.4896362303991698
Articles (log),scopus_articles,2023,log,GBR,11.487976614553748,0.4637165671590253
Articles (log),scopus_articles,2023,log,ISR,9.535624540635016,0.0
Articles (log),scopus_articles,2023,log,FRA,11.037796081462512,0.35679109290894506
Patents resident (log),patents_resident,2021,log,USA,12.4770306470645,0.7508410469851031
Patents resident (log),patents_resident,2021,log,CHN,14.17083539091319,1.0
Patents resident (log),patents_resident,2021,log,KOR,12.13481829024387,0.7005015536970827
Patents resident (log),patents_resident,2021,log,JPN,12.312466626978217,0.7266336528934713
Patents resident (log),patents_resident,2021,log,DEU,10.59217480237398,0.4735784459960415
Patents resident (log),patents_resident,2021,log,GBR,9.358070484000518,0.29204150025670217
Patents resident (log),patents_resident,2021,log,ISR,7.3727463664043285,0.0
Patents resident (log),patents_resident,2021,log,FRA,9.501964663660587,0.313208357463381
MVA % GDP,mva_pct_gdp,2021,level,USA,10.5250313827085,0.10018451665056022
MVA % GDP,mva_pct_gdp,2021,level,CHN,26.621932558827,1.0
MVA % GDP,mva_pct_gdp,2021,level,KOR,26.2480856022754,0.979101985144366
MVA % GDP,mva_pct_gdp,2021,level,JPN,19.6763666364,0.6117434225851993
MVA % GDP,mva_pct_gdp,2021,level,DEU,18.5726195842861,0.5500440509901956
MVA % GDP,mva_pct_gdp,2021,level,GBR,8.73281920838765,0.0
MVA % GDP,mva_pct_gdp,2021,level,ISR,11.9008173223304,0.17709084021567484
MVA % GDP,mva_pct_gdp,2021,level,FRA,9.09582515832787,0.02029200345646559
Hitech export %,hitech_export_share,2023,level,USA,21.8459878355521,0.26594843876260393
Hitech export %,hitech_export_share,2023,level,CHN,26.5682136542881,0.5307218853935621
Hitech export %,hitech_export_share,2023,level,KOR,30.2762799912651,0.738631786796886
Hitech export %,hitech_export_share,2023,level,JPN,17.1028060703212,0.0
Hitech export %,hitech_export_share,2023,level,DEU,17.7818374796623,0.03807303875824481
Hitech export %,hitech_export_share,2023,level,GBR,28.8917146113567,0.6609997205221784
Hitech export %,hitech_export_share,2023,level,ISR,34.9377735824443,1.0
Hitech export %,hitech_export_share,2023,level,FRA,22.3835449721792,0.2960890676289981
GDP pc PPP (log),gdp_pc_ppp,2023,log,USA,11.216561437442397,1.0
GDP pc PPP (log),gdp_pc_ppp,2023,log,CHN,10.029558457765413,0.0
GDP pc PPP (log),gdp_pc_ppp,2023,log,KOR,10.897282576090193,0.7310210110516414
GDP pc PPP (log),gdp_pc_ppp,2023,log,JPN,10.766107793133138,0.6205117830185731
GDP pc PPP (log),gdp_pc_ppp,2023,log,DEU,11.05311284905633,0.8623014506412221
GDP pc PPP (log),gdp_pc_ppp,2023,log,GBR,10.886004554881648,0.7215197533449302
GDP pc PPP (log),gdp_pc_ppp,2023,log,ISR,10.772083721395443,0.6255462508039293
GDP pc PPP (log),gdp_pc_ppp,2023,log,FRA,10.902219155846359,0.7351798715100278
TFP (ctfp),tfp_ctfp,2023,level,USA,1.0,0.9604542457490992
TFP (ctfp),tfp_ctfp,2023,level,CHN,0.470938354730606,0.0
TFP (ctfp),tfp_ctfp,2023,level,KOR,0.660838425159454,0.34474305696185614
TFP (ctfp),tfp_ctfp,2023,level,JPN,0.639849066734314,0.30663914488425614
TFP (ctfp),tfp_ctfp,2023,level,DEU,1.02178359031677,1.0
TFP (ctfp),tfp_ctfp,2023,level,GBR,0.834241688251495,0.6595379428748106
TFP (ctfp),tfp_ctfp,2023,level,ISR,0.7236447930336,0.4587612308820002
TFP (ctfp),tfp_ctfp,2023,level,FRA,0.887171685695648,0.7556266335354991
