term,beta,se,p,ci_lo,ci_hi,N,G,r2,spec
rd_c,0.003125216948834636,0.1819745500339481,0.9862978653835566,-0.35353834722058575,0.35978878111825496,836,39,0.4262663650625955,main
gap_c,4.531335931495978,1.690725946264955,0.007359739624826709,1.2175739690892629,7.845097893902692,836,39,0.4262663650625955,main
rd_gap,-0.45254624823370254,0.7309804523879538,0.5358538625696898,-1.885241608316888,0.9801491118494827,836,39,0.4262663650625955,main
rd_c,-0.00615759029565828,0.20729123390055518,0.9763023081287465,-0.4124409430516147,0.4001257624602982,194,39,0.5488682078182936,five_year
gap_c,0.2643181748717921,1.3053222208005162,0.8395315923055688,-2.2940663661170597,2.8227027158606437,194,39,0.5488682078182936,five_year
rd_gap,-1.9118854592042323,0.9726261310617735,0.04933395535489013,-3.8181976465078424,-0.005573271900621846,194,39,0.5488682078182936,five_year
rd_c,0.056147478360927344,0.2711628801053839,0.835961582309698,-0.4753220005897778,0.5876169573116325,836,39,0.5412689080209444,dln_lp
gap_c,4.644810362371393,2.165784719423544,0.031982313153989445,0.39995031403406145,8.889670410708725,836,39,0.5412689080209444,dln_lp
rd_gap,-0.5132999161059287,0.893675220583295,0.5657176919084531,-2.2648711623250755,1.2382713301132178,836,39,0.5412689080209444,dln_lp
rd_c,0.14807351803044716,0.33843895311897104,0.6617349020033597,-0.515254641048176,0.8114016771090702,689,39,0.46593044512443427,pre2020
gap_c,2.8379365313651785,1.2097609399377889,0.01898295293388342,0.46684865918378904,5.209024403546568,689,39,0.46593044512443427,pre2020
rd_gap,-0.6278266814945688,0.9741972064745278,0.5192801492101446,-2.537218120024174,1.2815647570350364,689,39,0.46593044512443427,pre2020
rd_c,-0.00854049024022926,0.1809785904089252,0.9623613106073876,-0.36325200941454866,0.3461710289340902,813,38,0.4139314263433691,no_chn
gap_c,4.808645973757676,1.712002933548499,0.0049729041924678734,1.4531818825756981,8.164110064939653,813,38,0.4139314263433691,no_chn
rd_gap,-0.6498006877854776,0.954113594433078,0.49583877604214655,-2.519828970034366,1.2202275944634111,813,38,0.4139314263433691,no_chn
rd_c,0.10447265528190508,0.1797925597595453,0.5611910554544067,-0.24791428653506914,0.4568595970988793,734,34,0.4536804265676546,no_far_gap
gap_c,5.880369985879746,1.8132516578259885,0.0011827938808065869,2.326462041633263,9.434277930126228,734,34,0.4536804265676546,no_far_gap
rd_gap,-0.3445108622841399,0.8768009352926536,0.6943800529377182,-2.063009117068775,1.3739873925004955,734,34,0.4536804265676546,no_far_gap
rd_c,-0.028283571921909556,0.20252293204835273,0.8889316781190473,-0.4252212247801336,0.36865408093631447,836,39,0.4259926928841512,no_interaction
gap_c,4.901158627467956,1.5575133044878602,0.0016507661391290947,1.8484886452297835,7.953828609706129,836,39,0.4259926928841512,no_interaction
