gap,me,se,ci_lo,ci_hi
0.0,0.09583694025495917,0.2244441428322583,-0.34407357969626706,0.5357474602061855
0.049999999999999996,0.07320962784327405,0.20500013572329073,-0.3285906381743758,0.4750098938609239
0.09999999999999999,0.05058231543158892,0.19064784328781312,-0.32308745741252476,0.4242520882757026
0.15,0.027955003019903793,0.1825919131913787,-0.32992514683519847,0.385835152875006
0.19999999999999998,0.005327690608218671,0.18167188963719152,-0.3507492130806767,0.3614045942971141
0.24999999999999997,-0.01729962180346645,0.18799256983900797,-0.38576505868792205,0.35116581508098915
0.3,-0.03992693421515159,0.20087159892296166,-0.4336352681041564,0.35378139967385325
0.35,-0.0625542466268367,0.2191557763371218,-0.4920995682475954,0.36699107499392203
0.39999999999999997,-0.08518155903852183,0.24162113206185512,-0.5587589778797579,0.38839585980271424
0.44999999999999996,-0.10780887145020696,0.2672151768231827,-0.631550618023645,0.4159328751232311
0.49999999999999994,-0.13043618386189207,0.29512504485269225,-0.7088812717731688,0.44800890404938476
0.5499999999999999,-0.1530634962735772,0.3247542079524589,-0.7895817438603966,0.4834547513132422
0.6,-0.17569080868526235,0.35567325057589133,-0.8728103798140093,0.5214287624434847
0.6499999999999999,-0.19831812109694744,0.3875735915622722,-0.957962360559001,0.561326118365106
0.7,-0.22094543350863258,0.4202318154145446,-1.0445997917211398,0.6027089247038747
0.7499999999999999,-0.2435727459203177,0.4534842120797538,-1.132401801596635,0.6452563097559998
0.7999999999999999,-0.2662000583320029,0.4872091384954237,-1.2211299697830333,0.6887298531190276
0.85,-0.28882737074368803,0.5213148959795578,-1.3106045668636215,0.7329498253762453
0.8999999999999999,-0.31145468315537306,0.5557313730713499,-1.4006881743752189,0.7777788080644727
0.95,-0.3340819955670582,0.5904042338688174,-1.4912742939499402,0.8231103028158238
0.9999999999999999,-0.35670930797874334,0.6252908298012605,-1.5822793343892139,0.8688607184317272
1.0499999999999998,-0.37933662039042837,0.6603572869331715,-1.6736369027794447,0.9149636619985878
1.0999999999999999,-0.4019639328021135,0.6955764034861991,-1.765293683635064,0.9613658180308368
1.15,-0.42459124521379876,0.7309261124605679,-1.857206425636512,1.0080239352089144
1.2,-0.4472185576254839,0.7663883433191743,-1.9493397105310655,1.0549025952800977
