country_iso3,period,tfp_share
USA,2001-2007,0.29091769459983846
USA,2008-2012,0.2157923000362881
USA,2013-2019,0.29089590844419844
USA,2020-2023,0.4199021083371171
CHN,2001-2007,0.46579204124530355
CHN,2008-2012,0.32593062359579406
CHN,2013-2019,0.3051484396175635
CHN,2020-2023,0.2965180417031984
KOR,2001-2007,0.22151935234652065
KOR,2008-2012,0.08664686835234779
KOR,2013-2019,0.05924673886258284
KOR,2020-2023,-0.3347985071303003
JPN,2001-2007,0.39457725625221324
JPN,2008-2012,1.187670221760982
JPN,2013-2019,-0.10411910404712345
JPN,2020-2023,-1.7138444066923821
DEU,2001-2007,0.4671404043972858
DEU,2008-2012,-0.6284072183599633
DEU,2013-2019,0.2523983836844128
DEU,2020-2023,-4.627932380768373
