country_iso3,year,value_usd
AUS,2010,7042540.0
AUS,2011,18633682.0
AUS,2012,28649229.0
AUS,2013,43727144.0
AUS,2014,33548571.0
AUS,2015,20495765.0
AUS,2016,24621797.0
AUS,2017,31483548.87
AUS,2018,10533518.304
AUS,2019,3962079.208
AUS,2020,8018417.733
AUS,2021,5229953.494
AUS,2022,6328028.644
AUS,2023,5320792.277
AUT,2010,474053822.0
AUT,2011,532099701.0
AUT,2012,484836904.23
AUT,2013,475744653.057
AUT,2014,498159240.335
AUT,2015,582224264.726
AUT,2016,490516584.504
AUT,2017,564621707.978
AUT,2018,760963081.862
AUT,2019,772158951.569
AUT,2020,1014814156.349
AUT,2021,1347738554.901
AUT,2022,1509172300.259
AUT,2023,1823465184.78
BEL,2010,22594201.98
BEL,2011,24644067.05
BEL,2012,41172371.936
BEL,2013,44536638.618
BEL,2014,27968328.093
BEL,2015,21815901.814
BEL,2016,24841040.301
BEL,2017,36680514.275
BEL,2018,30971793.438
BEL,2019,29502181.068
BEL,2020,25985532.257
BEL,2021,19805471.556
BEL,2022,34528671.852
BEL,2023,61997751.138
CAN,2010,21344018.0
CAN,2011,42340638.0
CAN,2012,34453975.0
CAN,2013,20270642.0
CAN,2014,17172942.0
CAN,2015,12901273.991
CAN,2016,16070877.696
CAN,2017,15616033.994
CAN,2018,16413563.389
CAN,2019,20946333.122
CAN,2020,36247306.238
CAN,2021,51284820.333
CAN,2022,90396222.888
CAN,2023,73291946.327
CHE,2010,1573699924.0
CHE,2011,2354119490.0
CHE,2012,418493010.189
CHE,2013,337791899.181
CHE,2014,356721113.169
CHE,2015,302239323.025
CHE,2016,339463852.016
CHE,2017,372233349.741
CHE,2018,330727914.615
CHE,2019,358013683.105
CHE,2020,328689315.78
CHE,2021,442278455.813
CHE,2022,492636597.368
CHE,2023,614036658.044
CHL,2010,115559.86
CHL,2011,196809.75
CHL,2012,492543.92
CHL,2013,61712.131
CHL,2014,102577.351
CHL,2015,256690.19
CHL,2016,93568.524
CHL,2017,194904.298
CHL,2018,50015.054
CHL,2019,45935.534
CHL,2020,36925.548
CHL,2021,20237.872
CHL,2022,32262.537
CHL,2023,142172.612
CHN,2010,1025423930.0
CHN,2011,1034983265.0
CHN,2012,1108678334.0
CHN,2013,1212238545.0
CHN,2014,1508568642.0
CHN,2015,1522970567.0
CHN,2016,1890130952.0
CHN,2017,2076126747.0
CHN,2018,2513296804.0
CHN,2019,2209608535.0
CHN,2020,2580489390.0
CHN,2021,3639169354.0
CHN,2022,4123932564.0
CHN,2023,4642328484.0
COL,2010,88.0
COL,2012,2661.0
COL,2013,9035.0
COL,2014,3464.0
COL,2015,3744.0
COL,2016,4858.0
COL,2017,10130.6
COL,2018,296.38
COL,2020,28157.7
COL,2021,17871.58
COL,2022,15732.79
COL,2023,3320.57
CRI,2010,1885083.0
CRI,2011,2708583.0
CRI,2012,2748664.0
CRI,2013,2223078.0
CRI,2014,30060619.0
CRI,2015,305556.0
CRI,2016,282052.0
CRI,2017,371053.415
CRI,2018,7866771.91
CRI,2019,2596670.81
CRI,2020,89769.55
CRI,2021,556651.42
CRI,2022,1873172.4
CRI,2023,1939614.87
CZE,2010,7146728.0
CZE,2011,15714173.0
CZE,2012,6547986.0
CZE,2013,6585729.0
CZE,2014,8960733.0
CZE,2015,30451934.0
CZE,2016,48557366.0
CZE,2017,44260316.0
CZE,2018,66191082.0
CZE,2019,59979196.0
CZE,2020,80924982.0
CZE,2021,130798738.0
CZE,2022,156273604.0
CZE,2023,195854508.0
DEU,2010,3405735856.54
DEU,2011,4197591273.064
DEU,2012,1604900852.877
DEU,2013,1476573236.261
DEU,2014,1566176589.548
DEU,2015,1635802538.842
DEU,2016,1740879946.007
DEU,2017,2183260658.579
DEU,2018,2295574286.826
DEU,2019,2451244246.617
DEU,2020,2324480128.551
DEU,2021,2923201815.784
DEU,2022,3174256697.781
DEU,2023,3903969297.77
DNK,2010,42073927.0
DNK,2011,60741236.0
DNK,2012,48879636.0
DNK,2013,57360504.0
DNK,2014,42241525.0
DNK,2015,44038595.0
DNK,2016,30789729.662
DNK,2017,24728505.391
DNK,2018,28067769.609
DNK,2019,33994096.739
DNK,2020,33727212.657
DNK,2021,28326973.875
DNK,2022,24541052.428
DNK,2023,31774019.094
ESP,2010,15986819.993
ESP,2011,6632474.927
ESP,2012,3784948.831
ESP,2013,2332662.843
ESP,2014,6405625.656
ESP,2015,5591916.95
ESP,2016,6272711.503
ESP,2017,7378832.484
ESP,2018,8196692.121
ESP,2019,5058744.339
ESP,2020,5434540.629
ESP,2021,7639121.766
ESP,2022,6803235.859
ESP,2023,18135687.115
EST,2010,1134467.0
EST,2011,343861.0
EST,2012,549321.0
EST,2013,2988914.0
EST,2014,8828542.0
EST,2015,7685369.0
EST,2016,2244586.472
EST,2017,3046326.608
EST,2018,1171898.063
EST,2019,626963.877
EST,2020,255692.13
EST,2021,1013465.41
EST,2022,305462.67
EST,2023,610467.12
FIN,2010,13124847.0
FIN,2011,9766347.0
FIN,2012,13382048.0
FIN,2013,6661554.0
FIN,2014,4726656.0
FIN,2015,4976362.0
FIN,2016,7803613.0
FIN,2017,9892162.746
FIN,2018,16517422.288
FIN,2019,9048452.078
FIN,2020,12509895.979
FIN,2021,16960370.675
FIN,2022,27290295.46
FIN,2023,45602066.135
FRA,2010,110329071.0
FRA,2011,232584455.0
FRA,2012,193879638.0
FRA,2013,195295631.0
FRA,2014,156474735.0
FRA,2015,217925992.0
FRA,2016,188793801.0
FRA,2017,240620394.426
FRA,2018,252677738.432
FRA,2019,215483848.14
FRA,2020,187741956.929
FRA,2021,195828053.597
FRA,2022,392140635.322
FRA,2023,373323661.103
GBR,2010,348956708.0
GBR,2011,521049350.0
GBR,2012,296277083.0
GBR,2013,288212357.0
GBR,2014,381153665.0
GBR,2015,451781894.0
GBR,2016,411219484.0
GBR,2017,434787943.318
GBR,2018,615556845.069
GBR,2019,512724962.628
GBR,2020,571276423.28
GBR,2021,753655783.461
GBR,2022,811742114.831
GBR,2023,888175690.35
GRC,2010,11311448.0
GRC,2011,2288800.0
GRC,2012,130997.0
GRC,2013,114756.0
GRC,2014,115726.0
GRC,2015,98884.0
GRC,2016,131324.0
GRC,2017,762484.043
GRC,2018,88647.568
GRC,2019,15240.533
GRC,2020,106266.489
GRC,2021,37535.446
GRC,2022,131471.015
GRC,2023,194445.617
HUN,2010,17043000.0
HUN,2011,22130000.0
HUN,2012,11809709.0
HUN,2013,9563560.0
HUN,2014,14269535.0
HUN,2015,14761646.0
HUN,2016,11951991.0
HUN,2017,10191855.0
HUN,2018,14028197.0
HUN,2019,12151492.0
HUN,2020,14125010.0
HUN,2021,16823062.0
HUN,2022,24305386.0
HUN,2023,18871922.608
IRL,2010,18577977.602
IRL,2011,32847017.237
IRL,2012,18825881.938
IRL,2013,37861100.761
IRL,2014,75451409.223
IRL,2015,75287739.893
IRL,2016,73619949.174
IRL,2017,86208723.699
IRL,2018,115884388.397
IRL,2019,123543569.473
IRL,2020,115207513.875
IRL,2021,125303312.134
IRL,2022,146380741.282
IRL,2023,196120760.719
ISL,2013,956.0
ISL,2014,1880.0
ISL,2018,15406.685
ISL,2019,285.729
ISL,2020,1742.815
ISL,2021,14121.274
ISL,2022,4621.063
ISL,2023,12069.556
ISR,2010,108372000.0
ISR,2011,57405000.0
ISR,2012,115108000.0
ISR,2013,35981000.0
ISR,2014,59486000.0
ISR,2015,50855000.0
ISR,2016,64819000.0
ISR,2017,74220000.0
ISR,2018,173092000.0
ISR,2019,301926000.0
ISR,2020,100295000.0
ISR,2021,254658000.0
ISR,2022,228465000.0
ISR,2023,128458000.0
ITA,2010,556093798.0
ITA,2011,1044424384.0
ITA,2012,103355595.0
ITA,2013,85486998.0
ITA,2014,160901343.0
ITA,2015,129639070.973
ITA,2016,221750611.027
ITA,2017,129017865.448
ITA,2018,156521963.843
ITA,2019,132613324.122
ITA,2020,159905666.17
ITA,2021,166329708.891
ITA,2022,181207363.547
ITA,2023,303994467.459
JPN,2010,19083220311.0
JPN,2011,20960402616.0
JPN,2012,14645608552.0
JPN,2013,12691237716.0
JPN,2014,13021266566.0
JPN,2015,13137534158.0
JPN,2016,17822363332.0
JPN,2017,22741855602.704
JPN,2018,24720885640.032
JPN,2019,22629440134.352
JPN,2020,23597938040.109
JPN,2021,30549286609.912
JPN,2022,30929890655.392
JPN,2023,25201164365.814
KOR,2010,2286957203.0
KOR,2011,2710792742.0
KOR,2012,1857658696.0
KOR,2013,3270668816.0
KOR,2014,3760385326.0
KOR,2015,4556492431.0
KOR,2016,4190009677.0
KOR,2017,6871098909.0
KOR,2018,8663314535.0
KOR,2019,7850709379.0
KOR,2020,8412256874.0
KOR,2021,9245895564.0
KOR,2022,8112884431.0
KOR,2023,6595182354.0
LTU,2010,4310760.0
LTU,2011,2916415.0
LTU,2012,3357159.0
LTU,2013,5578686.0
LTU,2014,102242857.0
LTU,2015,7729997.0
LTU,2016,7226299.0
LTU,2017,9054902.0
LTU,2018,5270505.0
LTU,2019,10161600.0
LTU,2020,10289380.0
LTU,2021,3803392.0
LTU,2022,2549260.0
LTU,2023,3189968.0
LUX,2010,540181.0
LUX,2011,1108322.0
LUX,2012,917880.0
LUX,2013,1221418.0
LUX,2014,1137656.0
LUX,2015,736460.0
LUX,2016,648012.0
LUX,2017,975369.4
LUX,2018,826475.269
LUX,2019,605109.909
LUX,2020,854195.996
LUX,2021,934664.102
LUX,2022,790310.185
LUX,2023,41746.062
LVA,2010,683490.0
LVA,2011,481213.0
LVA,2012,62790.0
LVA,2013,431084.0
LVA,2014,1020548.692
LVA,2015,435984.966
LVA,2016,240159.209
LVA,2017,48977.32
LVA,2018,1943764.074
LVA,2019,1016036.185
LVA,2020,254074.669
LVA,2021,14147.94
LVA,2022,181511.886
LVA,2023,310010.526
MEX,2010,19612982.0
MEX,2011,18859058.0
MEX,2012,34042323.0
MEX,2013,58972690.0
MEX,2014,84377154.0
MEX,2015,82281984.0
MEX,2016,93109360.0
MEX,2017,125927755.0
MEX,2018,148705945.0
MEX,2019,112561648.0
MEX,2020,205654783.0
MEX,2021,224352873.0
MEX,2022,291266855.0
MEX,2023,240776557.0
NLD,2010,6435823587.0
NLD,2011,9147871647.699
NLD,2012,5985520152.412
NLD,2013,6861019251.848
NLD,2014,7920388091.261
NLD,2015,6590641069.706
NLD,2016,6234186213.211
NLD,2017,9687920718.939
NLD,2018,13477302115.403
NLD,2019,13714655590.03
NLD,2020,15027997490.666
NLD,2021,20056468351.327
NLD,2022,21367931977.1
NLD,2023,24097584108.834
NOR,2010,536162.0
NOR,2011,1066598.0
NOR,2012,14216840.0
NOR,2013,767178.0
NOR,2014,1031149.0
NOR,2015,344790.772
NOR,2016,1759696.0
NOR,2017,4575722.652
NOR,2018,5713976.86
NOR,2019,4349619.895
NOR,2020,1639720.648
NOR,2021,408262.845
NOR,2022,619099.478
NOR,2023,768174.601
NZL,2010,679848.001
NZL,2011,1954816.678
NZL,2012,266395.307
NZL,2013,2277188.117
NZL,2014,1132802.296
NZL,2015,4681776.715
NZL,2016,35751630.928
NZL,2017,16990715.298
NZL,2018,39047948.859
NZL,2019,15600331.878
NZL,2020,20122124.69
NZL,2021,28225488.64
NZL,2022,27784692.791
NZL,2023,42738086.052
POL,2010,5111418.0
POL,2011,14439392.0
POL,2012,8795593.0
POL,2013,24505365.0
POL,2014,81014012.0
POL,2015,1622050.0
POL,2016,8349748.0
POL,2017,7103262.0
POL,2018,9037163.0
POL,2019,2330610.0
POL,2020,2472810.0
POL,2021,4493547.0
POL,2022,42460940.0
POL,2023,51108947.0
PRT,2010,7556800.0
PRT,2011,4955515.0
PRT,2012,2850608.0
PRT,2013,1187474.0
PRT,2014,3745800.0
PRT,2015,5802539.035
PRT,2016,3164184.567
PRT,2017,1097638.206
PRT,2018,1712806.692
PRT,2019,1598274.249
PRT,2020,3445058.452
PRT,2021,3863755.938
PRT,2022,6047278.635
PRT,2023,6534359.288
SVK,2010,65557115.297
SVK,2011,58422327.926
SVK,2012,41645942.076
SVK,2013,54768425.399
SVK,2014,54047883.115
SVK,2015,42315574.289
SVK,2016,37218419.027
SVK,2017,33940652.228
SVK,2018,61569642.543
SVK,2019,49422632.676
SVK,2020,56246102.339
SVK,2021,21110818.133
SVK,2022,22927269.626
SVK,2023,27894302.948
SVN,2010,940815.0
SVN,2011,74875.0
SVN,2012,172129.0
SVN,2013,737716.0
SVN,2014,1341695.0
SVN,2015,743848.0
SVN,2016,73579.64
SVN,2017,85908.01
SVN,2018,2875042.79
SVN,2019,3680344.59
SVN,2020,6792801.46
SVN,2021,851929.623
SVN,2022,9682412.85
SVN,2023,7295778.059
SWE,2010,50723405.0
SWE,2011,33861357.0
SWE,2012,14486791.641
SWE,2013,17690992.055
SWE,2014,70985943.253
SWE,2015,96944242.5
SWE,2016,145310106.453
SWE,2017,146914859.726
SWE,2018,216446335.146
SWE,2019,112861877.803
SWE,2020,124581933.412
SWE,2021,137173884.566
SWE,2022,84183391.306
SWE,2023,145880339.596
TUR,2010,4530026.0
TUR,2011,1154380.0
TUR,2012,1404434.0
TUR,2013,2037622.0
TUR,2014,2097429.0
TUR,2015,3277878.0
TUR,2016,1352662.0
TUR,2017,376291.0
TUR,2018,780571.0
TUR,2019,651494.0
TUR,2020,647218.0
TUR,2021,1170994.0
TUR,2022,1233088.0
TUR,2023,6810989.0
USA,2010,12315119875.0
USA,2011,10170059596.0
USA,2012,8869965758.0
USA,2013,9108209156.0
USA,2014,10474855646.0
USA,2015,11723717955.0
USA,2016,12765886727.0
USA,2017,17548409383.0
USA,2018,18220846510.0
USA,2019,15459666265.0
USA,2020,19614947232.0
USA,2021,26279922796.0
USA,2022,26821527900.0
USA,2023,20078998538.0
