country_iso3,year,ic_m,ic_x,ic_net,ic_cover,total_x,ic_share,sample_ic_share,rca
AUS,2010,568323684.0,79618508.0,-488705176.0,0.14009359497324766,212108726296.0,0.00037536648958464596,0.016962810147262048,0.02212879153429855
AUS,2011,542891048.0,72690915.0,-470200133.0,0.13389595438678148,269423385464.0,0.0002698018023744003,0.014771518568333863,0.018265001064466203
AUS,2012,461536358.0,63616487.0,-397919871.0,0.1378363500454714,256242912988.0,0.00024826632767392556,0.016276767122562152,0.015252803324180358
AUS,2013,413582465.0,52257779.0,-361324686.0,0.12635395216767714,252155105281.0,0.00020724458044093247,0.018742440293843896,0.011057502501902253
AUS,2014,453166770.0,52621534.0,-400545236.0,0.11611957778810657,240444683866.0,0.00021885089391007712,0.01661640673093484,0.013170771361935996
AUS,2015,404103394.0,63821137.0,-340282257.0,0.15793269234457358,187792151470.0,0.0003398498632686228,0.018789389449970613,0.01808732871142624
AUS,2016,417316224.0,59639573.0,-357676651.0,0.14291218402282868,189629974559.0,0.00031450498866909994,0.019028019295712,0.01652851953644877
AUS,2017,430707886.656,57155817.97,-373552068.686,0.13270204642351835,230536736593.854,0.00024792498937249095,0.021718176190366794,0.011415552908280545
AUS,2018,478553566.761,72060912.016,-406492654.745,0.15058066018341637,256565262375.592,0.000280867765763661,0.023305324133350562,0.012051656701128283
AUS,2019,570210741.762,74881405.287,-495329336.47499996,0.1313223336614285,270260835869.77,0.00027707087135289904,0.023033269703419904,0.01202915933866569
AUS,2020,463083411.385,59230158.008,-403853253.377,0.12790386472893328,247159345941.573,0.0002396436104099485,0.026299892363684338,0.009111961642126545
AUS,2021,544271115.284,67881002.711,-476390112.5730001,0.12471909826700939,342036103269.844,0.00019846151345446228,0.02704075987460752,0.007339346762988953
AUS,2022,577181173.204,89513539.066,-487667634.138,0.15508742007141346,410252834479.043,0.00021819115321815682,0.02482554141190264,0.00878897864090669
AUS,2023,483208416.562,83758151.268,-399450265.29399997,0.17333752558354515,369235124159.052,0.00022684231750368442,0.021799690996405954,0.010405758390845227
AUT,2010,781081491.0,872905134.0,91823643.0,1.1175596196530535,144882002012.0,0.006024938376594912,0.016962810147262048,0.35518515648584276
AUT,2011,756313486.0,1111625480.0,355311994.0,1.4697946031336535,169511432541.0,0.006557820102966384,0.014771518568333863,0.4439503002097953
AUT,2012,705676865.151,991576330.543,285899465.39199996,1.4051421826487447,158820719332.351,0.00624336884199605,0.016276767122562152,0.38357548492180377
AUT,2013,782137846.809,1053366022.281,271228175.472,1.3467779708891068,166273910254.833,0.006335125099702058,0.018742440293843896,0.3380096188319127
AUT,2014,842415706.515,862032965.876,19617259.36100006,1.023286910736927,169712859499.776,0.005079361507529945,0.01661640673093484,0.305683508461169
AUT,2015,694978547.45,790007676.82,95029129.37,1.136736780895869,145275530315.015,0.005437995477331591,0.018789389449970613,0.2894184237231879
AUT,2016,766562476.587,778772537.798,12210061.210999966,1.015928331458857,144700690215.736,0.005381954547949416,0.019028019295712,0.2828436562055752
AUT,2017,837018166.955,752962146.913,-84056020.04200006,0.8995768271699662,159970530802.934,0.0047068803431087325,0.021718176190366794,0.21672539636161958
AUT,2018,1008616544.502,838572579.364,-170043965.138,0.8314087092216413,176991970620.195,0.004737913117897777,0.023305324133350562,0.2032974564433409
AUT,2019,856513409.279,759141828.014,-97371581.26499999,0.8863163375959684,171532054962.314,0.004425655765511498,0.023033269703419904,0.19214188096162443
AUT,2020,786459938.623,634926947.107,-151532991.51600003,0.8073226822191139,162145129017.335,0.003915794146607511,0.026299892363684338,0.14889012063085683
AUT,2021,1168050143.117,799220359.874,-368829783.24300015,0.6842346320349232,194703245949.459,0.004104812716278296,0.02704075987460752,0.15180093811390627
AUT,2022,1432271234.765,902639811.326,-529631423.4390001,0.6302156947766256,203753247346.142,0.004430063437431105,0.02482554141190264,0.17844780759976114
AUT,2023,1225584634.446,960412236.635,-265172397.8110001,0.783635996765849,216176589470.172,0.004442720828323168,0.021799690996405954,0.2037974221311497
BEL,2010,699972769.976,507735225.893,-192237544.08299994,0.725364253684338,274724245144.588,0.0018481631485629446,0.016962810147262048,0.10895383091116273
BEL,2011,622672883.563,440801725.159,-181871158.40399998,0.7079186147254173,327589023656.764,0.0013455936961454978,0.014771518568333863,0.09109379580174555
BEL,2012,534824691.676,388233011.425,-146591680.251,0.7259070448082339,305138320815.614,0.0012723181093324482,0.016276767122562152,0.07816774054405531
BEL,2013,616224900.082,469688605.619,-146536294.463,0.7622032241094109,318244235352.657,0.0014758746693354005,0.018742440293843896,0.07874506447381685
BEL,2014,814035278.556,463251706.774,-350783571.782,0.5690806270653925,319214138235.333,0.0014512255294672402,0.01661640673093484,0.0873369046007695
BEL,2015,787538546.565,513721239.827,-273817306.73800004,0.6523125021215703,253410705992.653,0.0020272278466478603,0.018789389449970613,0.10789216179938359
BEL,2016,771482272.934,617797997.833,-153684275.10100007,0.8007935107613967,271231916571.688,0.0022777481560497426,0.019028019295712,0.11970495303013684
BEL,2017,734802848.301,773711692.825,38908844.52400005,1.0529514067806955,296556522030.368,0.002608985590766304,0.021718176190366794,0.12012912907132287
BEL,2018,536829793.411,699869416.021,163039622.61,1.303708222999419,323378438760.036,0.002164242670923216,0.023305324133350562,0.09286473161839123
BEL,2019,2468982265.686,1386414339.914,-1082567925.7719998,0.5615327251161072,311796811947.95,0.004446531480717776,0.023033269703419904,0.19304820974060705
BEL,2020,2627580634.171,1704435863.524,-923144770.6470001,0.6486711925633248,295143761843.513,0.005774934401045217,0.026299892363684338,0.21958015345414172
BEL,2021,3292056716.1,2070194123.808,-1221862592.2919998,0.6288452181530142,385980404667.027,0.005363469489063547,0.02704075987460752,0.19834758763935786
BEL,2022,4824212137.462,2459413150.252,-2364798987.21,0.5098061777079911,455402707991.035,0.0054005237718094895,0.02482554141190264,0.2175390128337826
BEL,2023,6085654323.054,2853391633.171,-3232262689.883,0.46887178957267256,397307958062.375,0.007181813440351563,0.021799690996405954,0.3294456532221308
CAN,2010,3457904790.0,1585044717.0,-1872860073.0,0.45838298428106805,386579899704.0,0.004100173646414755,0.016962810147262048,0.24171547112885425
CAN,2011,3494787892.0,1963649124.0,-1531138768.0,0.5618793428050483,450430007647.0,0.004359498902521839,0.014771518568333863,0.2951286885200432
CAN,2012,2883834648.0,1738757463.0,-1145077185.0,0.6029324407368033,454098967492.0,0.00382902756331555,0.016276767122562152,0.23524496814898319
CAN,2013,3508623428.0,1684882816.0,-1823740612.0,0.4802119265789728,456598271021.0,0.0036900770829298834,0.018742440293843896,0.1968834914278435
CAN,2014,2557058709.0,1503696608.0,-1053362101.0,0.5880571309166606,475177176344.0,0.003164496703249512,0.01661640673093484,0.19044410470274262
CAN,2015,1963870737.504,1089199632.558,-874671104.9459999,0.5546188003912765,408697323603.511,0.0026650520315485695,0.018789389449970613,0.1418381389477633
CAN,2016,1883141238.064,974533026.021,-908608212.0429999,0.5175039483617744,388853141939.71,0.0025061724361021033,0.019028019295712,0.13170958033802677
CAN,2017,1982890181.061,909736282.997,-1073153898.0640001,0.45879307471794556,420074382189.806,0.00216565523052045,0.021718176190366794,0.09971625662936821
CAN,2018,2155688738.636,1021808801.536,-1133879937.1000001,0.474005724120702,450392396468.983,0.0022687079301223698,0.023305324133350562,0.0973471948787782
CAN,2019,1759644366.943,1085326288.182,-674318078.7610002,0.6167872943937636,445513105927.581,0.002436126510627101,0.023033269703419904,0.10576555313227601
CAN,2020,1602015821.769,760874142.227,-841141679.542,0.474947957372117,388173370601.212,0.001960139978300264,0.026299892363684338,0.07453034222325879
CAN,2021,2015950549.679,910999437.639,-1104951112.04,0.4518957262042259,501623466672.538,0.001816102112769984,0.02704075987460752,0.06716165230531798
CAN,2022,2643783677.557,1156589804.785,-1487193872.772,0.4374752044213209,599941807666.279,0.00192783665016451,0.02482554141190264,0.07765537186795073
CAN,2023,1907344160.939,837295175.253,-1070048985.6859999,0.4389848420647867,567344538003.471,0.0014758142877333519,0.021799690996405954,0.06769886270299266
CHE,2010,697567668.0,414305002.0,-283262666.0,0.5939280459885076,195609280170.0,0.002118023243273203,0.016962810147262048,0.12486275710720439
CHE,2011,774060953.0,430096428.0,-343964525.0,0.5556363828107992,234819262335.0,0.0018316062478145932,0.014771518568333863,0.12399579903321932
CHE,2012,684701550.975,417563115.124,-267138435.851,0.6098468953800371,312256653968.266,0.001337243289510289,0.016276767122562152,0.0821565658242207
CHE,2013,692698717.021,472926841.202,-219771875.819,0.6827309327724115,357909509746.176,0.001321358690741111,0.018742440293843896,0.07050088835951217
CHE,2014,728400550.736,523066481.341,-205334069.39499992,0.7181028086984234,311292919173.075,0.0016803031778894449,0.01661640673093484,0.10112313721601535
CHE,2015,671460497.164,504293043.62,-167167453.54400003,0.7510390346862499,289629055115.219,0.0017411686939329493,0.018789389449970613,0.0926676568479809
CHE,2016,566179045.681,497610751.9,-68568293.78100002,0.8788929150521173,302499429349.082,0.0016449973243611018,0.019028019295712,0.08645131680793518
CHE,2017,617014356.782,537940099.74,-79074257.04199994,0.8718437323656344,299331427818.625,0.0017971387223193818,0.021718176190366794,0.08274814176691833
CHE,2018,654317622.599,641531705.585,-12785917.013999939,0.9804591584080935,310523862211.195,0.0020659658842858216,0.023305324133350562,0.0886478073621541
CHE,2019,595377061.55,687689372.501,92312310.9510001,1.155048484250762,313685932750.639,0.002192286298817457,0.023033269703419904,0.09517911816453718
CHE,2020,648465111.6,666819162.558,18354050.957999945,1.0283038372144861,318580420583.977,0.002093095242123419,0.026299892363684338,0.07958569613819509
CHE,2021,933111697.306,842326008.843,-90785688.46299994,0.9027065154952953,379770927042.891,0.0022179844449964135,0.02704075987460752,0.08202374693912355
CHE,2022,1289136321.57,924598502.213,-364537819.3569999,0.7172232189431755,400057174592.488,0.002311165905610437,0.02482554141190264,0.09309629414576817
CHE,2023,1092419030.391,919563762.719,-172855267.67200005,0.8417683481675237,419922543423.509,0.0021898413817511638,0.021799690996405954,0.10045286339665072
CHL,2010,37814098.592,1296202.751,-36517895.841,0.034278292998215915,71419914497.583,1.814903812358759e-05,0.016962810147262048,0.0010699311002143716
CHL,2011,35436598.634,1069829.114,-34366769.52,0.030189949240036307,81857173311.667,1.3069460753630966e-05,0.014771518568333863,0.0008847743509356141
CHL,2012,39847442.769,1126355.582,-38721087.187,0.028266696774736758,78283510483.486,1.4388158822254222e-05,0.016276767122562152,0.0008839690777605325
CHL,2013,40042973.926,2637661.887,-37405312.039,0.065870779025415,77069412781.955,3.422449700586769e-05,0.018742440293843896,0.001826042738794745
CHL,2014,33647157.509,1685218.451,-31961939.058000002,0.05008501685615596,75343198548.585,2.236722734718102e-05,0.01661640673093484,0.0013460929134299444
CHL,2015,37976313.054,2108400.222,-35867912.831999995,0.05551882350985425,62118220376.333,3.394173576169125e-05,0.018789389449970613,0.001806431010015833
CHL,2016,38207937.564,1813377.34,-36394560.224,0.04746074914309394,60768690454.603,2.984065192839191e-05,0.019028019295712,0.0015682479329373266
CHL,2017,38369970.64,3802238.66,-34567731.980000004,0.09909412482156646,68903578704.28,5.518202002712264e-05,0.021718176190366794,0.002540822007494299
CHL,2018,45322656.829,1818760.702,-43503896.127000004,0.040129172234145236,74837981347.413,2.430264244511014e-05,0.023305324133350562,0.0010427935825330311
CHL,2019,44025740.99,1584511.901,-42441229.089,0.035990578815241425,68792008183.082,2.303337179491845e-05,0.023033269703419904,0.0010000044323493736
CHL,2020,44211657.802,1386899.888,-42824757.914000005,0.031369551764178834,74019362854.55,1.8736987654504603e-05,0.026299892363684338,0.0007124359064061107
CHL,2021,56773752.997,1564915.829,-55208837.168,0.027564072240964802,94676809206.281,1.6529030098494078e-05,0.02704075987460752,0.0006112635212598287
CHL,2022,41296304.754,1967871.238,-39328433.516,0.04765247761809463,98557005169.484,1.996683274431829e-05,0.02482554141190264,0.000804285893025687
CHL,2023,48347206.732,2158644.45,-46188562.282,0.044648793506642005,92955275151.014,2.322239858354561e-05,0.021799690996405954,0.0010652627409890448
CHN,2010,158009698431.0,29608267071.0,-128401431360.0,0.18738259337878174,1577763750888.0,0.018765969907938256,0.016962810147262048,1.1063007688597668
CHN,2011,171142150713.0,32900291554.0,-138241859159.0,0.19223955885171007,1898388434783.0,0.017330642639403114,0.014771518568333863,1.173247189124842
CHN,2012,192967176584.0,53745300575.0,-139221876009.0,0.27852042780759806,2048782233084.0,0.026232802933915545,0.016276767122562152,1.61167157681778
CHN,2013,232078243157.0,87880781336.0,-144197461821.0,0.3786687633469761,2209007280259.0,0.039782929699397014,0.018742440293843896,2.1226120545500167
CHN,2014,218520292429.0,61213334520.0,-157306957909.0,0.2801265449518332,2342292696320.0,0.026133939031690145,0.01661640673093484,1.5727792088187436
CHN,2015,230657123275.0,69361768277.0,-161295354998.0,0.30071374901482545,2273468224113.0,0.030509231464654268,0.018789389449970613,1.6237478895144186
CHN,2016,227616904239.0,61156504770.0,-166460399469.0,0.2686817351042832,2097637171895.0,0.029154949001381096,0.019028019295712,1.5322114481958309
CHN,2017,261161384489.0,67201901492.0,-193959482997.0,0.25731944109382876,2263370504301.0,0.029691074158781645,0.021718176190366794,1.367107159391739
CHN,2018,312952465404.0,85037571985.0,-227914893419.0,0.27172680002767313,2486439719803.0,0.03420053633624286,0.023305324133350562,1.467498848784555
CHN,2019,306396731089.0,102102959980.0,-204293771109.0,0.33323775882694334,2499206993866.0,0.040854143026407705,0.023033269703419904,1.7737014133230862
CHN,2020,350770305463.0,116989221967.0,-233781083496.0,0.33352088288254567,2589098353298.0,0.04518531395996558,0.026299892363684338,1.7180798056177136
CHN,2021,432633651677.0,154221191756.0,-278412459921.0,0.356470633197854,3316022133985.0,0.046507889731925905,0.02704075987460752,1.719918003325006
CHN,2022,416525198802.0,154524110996.0,-262001087806.0,0.3709838238849381,3593601435602.0,0.04299979109122159,0.02482554141190264,1.7320786837142363
CHN,2023,350138570686.0,136335025390.0,-213803545296.0,0.38937448428743254,3379747834884.0,0.040338815808333615,0.021799690996405954,1.8504306237636188
COL,2010,50919873.0,2338862.0,-48581011.0,0.04593220411213516,39819528642.0,5.8736556653587924e-05,0.016962810147262048,0.0034626666303323884
COL,2011,66167548.0,2103453.0,-64064095.0,0.03178979822555915,56953516086.0,3.6932803179768196e-05,0.014771518568333863,0.0025002712489521645
COL,2012,57944657.0,2142734.0,-55801923.0,0.03697897461020436,60273618168.0,3.555011404869674e-05,0.016276767122562152,0.0021841016573505376
COL,2013,49667469.0,2064654.0,-47602815.0,0.04156954323563377,58821869987.0,3.5100108181808935e-05,0.018742440293843896,0.0018727608375168651
COL,2014,57517132.0,2092072.0,-55425060.0,0.036373023606253524,54794812015.0,3.8180110909538264e-05,0.01661640673093484,0.002297735697481344
COL,2015,54602166.0,2557944.0,-52044222.0,0.04684693277552396,35690766593.0,7.166962898750646e-05,0.018789389449970613,0.003814367102152888
COL,2016,51154116.0,2071809.0,-49082307.0,0.040501315671255075,31044991243.0,6.673569284601264e-05,0.019028019295712,0.003507232771256
COL,2017,55310159.35,1583000.71,-53727158.64,0.02862043300188033,37766321060.03,4.1915671571075254e-05,0.021718176190366794,0.001929981191959717
COL,2018,58834396.72,2022575.98,-56811820.74,0.03437744062585843,41831520220.79,4.835052537714832e-05,0.023305324133350562,0.002074655778245855
COL,2019,63081377.2,1696878.37,-61384498.830000006,0.026899830747512597,39489359461.99,4.297052150550352e-05,0.023033269703419904,0.0018655849585750908
COL,2020,59431316.79,3143050.97,-56288265.82,0.05288543380430121,31055810659.69,0.00010120653440483638,0.026299892363684338,0.0038481729508743285
COL,2021,69370288.91,2053651.34,-67316637.57,0.029604191827201087,41389989047.75,4.9617102764409615e-05,0.02704075987460752,0.0018349004611738847
COL,2022,81662724.8,989794.74,-80672930.06,0.012120520622157835,56910136647.72,1.7392239736251876e-05,0.02482554141190264,0.0007005784666558426
COL,2023,83883086.79,4404974.16,-79478112.63000001,0.05251325778017425,49769114432.38,8.850818846666288e-05,0.021799690996405954,0.00406006619457381
CRI,2010,1164924382.0,930670077.0,-234254305.0,0.7989102909857372,9044840676.0,0.10289513219060709,0.016962810147262048,6.06592488492924
CRI,2011,1296977518.0,1888807730.0,591830212.0,1.4563149351367555,10222241025.0,0.18477432936482732,0.014771518568333863,12.508824228873358
CRI,2012,1687682487.0,2099238026.0,411555539.0,1.2438583928968625,11250803893.0,0.186585602768003,0.016276767122562152,11.463308491362888
CRI,2013,1698001253.0,2396175059.0,698173806.0,1.4111739050642502,11472063524.0,0.20887044898131094,0.018742440293843896,11.144250466142132
CRI,2014,954295959.0,1656141232.0,701845273.0,1.7354587079415684,11242661045.0,0.14730865098317122,0.01661640673093484,8.865253081999132
CRI,2015,149385509.0,32078441.0,-117307068.0,0.21473596210727508,9578337782.0,0.0033490613643092754,0.018789389449970613,0.17824216019507294
CRI,2016,66039355.0,35060716.0,-30978639.0,0.5309063966478776,9907873818.0,0.0035386720343878325,0.019028019295712,0.1859716442049898
CRI,2017,99176860.384,58290208.816,-40886651.568,0.5877400090132702,11296640428.739,0.00515995965204911,0.021718176190366794,0.23758715312098055
CRI,2018,125192897.23,74590288.14,-50602609.09,0.5958028753257889,11251781448.19,0.006629198094849136,0.023305324133350562,0.2844499418638237
CRI,2019,137065216.62,46785892.78,-90279323.84,0.34134037747672585,11451993076.87,0.004085393037347808,0.023033269703419904,0.1773692180898321
CRI,2020,75889033.4,41305589.04,-34583444.36000001,0.5442893022801367,11622755153.42,0.003553855217181084,0.026299892363684338,0.1351281278279432
CRI,2021,78033011.12,64519389.41,-13513621.710000008,0.8268217320331441,14345395565.22,0.0044975678165630655,0.02704075987460752,0.16632549667313465
CRI,2022,97563282.71,60320221.09,-37243061.61999999,0.6182676455167835,15319695069.468,0.003937429617004428,0.02482554141190264,0.15860397772097012
CRI,2023,140531047.27,74743333.41,-65787713.860000014,0.5318634911073911,18105904673.666,0.004128119238289699,0.021799690996405954,0.18936595197474537
CZE,2010,2326298607.0,996273671.0,-1330024936.0,0.4282656009861076,132140913815.0,0.0075394791986591195,0.016962810147262048,0.4444711184765609
CZE,2011,2621173066.0,1383421787.0,-1237751279.0,0.5277872739289012,162391721227.0,0.008519041343654322,0.014771518568333863,0.5767207551643905
CZE,2012,2753535731.0,1305323989.0,-1448211742.0,0.47405376814411126,156422742613.0,0.00834484786032333,0.016276767122562152,0.5126846011549838
CZE,2013,2617716330.0,1187919890.0,-1429796440.0,0.45380008383108494,161524152111.0,0.007354441267604717,0.018742440293843896,0.3923950751503977
CZE,2014,3043119785.0,1084055949.0,-1959063836.0,0.3562317705479346,174279451675.0,0.006220216661121762,0.01661640673093484,0.3743418635475236
CZE,2015,2322465596.0,1234730903.0,-1087734693.0,0.5316465850459039,157194122601.0,0.007854815959843942,0.018789389449970613,0.41804530055425654
CZE,2016,2556915868.0,1354150451.0,-1202765417.0,0.5296030534079348,162087332190.0,0.008354449621100893,0.019028019295712,0.4390603925330044
CZE,2017,3308307135.0,877241998.0,-2431065137.0,0.2651634090194591,182231360523.0,0.004813891502990126,0.021718176190366794,0.22165265908126078
CZE,2018,3731406853.0,952840750.0,-2778566103.0,0.25535697058441353,202521577709.0,0.004704885083253309,0.023305324133350562,0.20188026805945553
CZE,2019,3077798553.0,1141073024.0,-1936725529.0,0.37074324532636166,199469710335.0,0.0057205328171561565,0.023033269703419904,0.24835956383156452
CZE,2020,3736048541.0,1449192063.0,-2286856478.0,0.38789433464162265,192307379805.0,0.007535810973398333,0.026299892363684338,0.28653390930998646
CZE,2021,3619024053.0,1523387805.0,-2095636248.0,0.42093884502844997,227168411022.0,0.006705984331828902,0.02704075987460752,0.24799541000052003
CZE,2022,3593680147.0,1314967729.0,-2278712418.0,0.36591117606772366,241689131117.0,0.005440740023859135,0.02482554141190264,0.21915896751603428
CZE,2023,3461734022.0,1208123387.0,-2253610635.0,0.34899370642635696,253327521218.0,0.004769017520052052,0.021799690996405954,0.21876537244671518
DEU,2010,12625393007.411,10166784949.55,-2458608057.861,0.8052648296636931,1267743108880.736,0.008019593936918373,0.016962810147262048,0.4727750807381882
DEU,2011,12954452088.577,10636000949.244,-2318451139.333,0.8210305520078793,1483802558038.426,0.007168070233889271,0.014771518568333863,0.4852629200396277
DEU,2012,11128696463.488,10774682547.846,-354013915.6420002,0.9681890941312417,1410146320662.183,0.007640825912864401,0.016276767122562152,0.46943142058431353
DEU,2013,12220109134.091,11963741940.049,-256367194.04199982,0.9790208752451481,1450937515315.424,0.008245525264710082,0.018742440293843896,0.43993872385008426
DEU,2014,13836556631.998,13850567023.134,14010391.136001587,1.0010125634222897,1498238432429.606,0.009244567969514268,0.01661640673093484,0.5563518105453938
DEU,2015,13517251949.431,12045248813.167,-1472003136.264,0.8911018939521976,1328500248528.884,0.009066802077384115,0.018789389449970613,0.4825490525663832
DEU,2016,13701487803.531,12251176906.377,-1450310897.1539993,0.8941493859681252,1337236557704.334,0.009161562952936981,0.019028019295712,0.481477489094283
DEU,2017,17413854409.61,15177647839.784,-2236206569.826,0.8715846292712813,1430536200992.758,0.010609761451161511,0.021718176190366794,0.48851990876966567
DEU,2018,19531863713.427,16777816585.317,-2754047128.1099987,0.8589972176481676,1562418816337.222,0.010738360553445734,0.023305324133350562,0.46076855623212915
DEU,2019,17006249401.53,14977836716.926,-2028412684.604,0.8807254535252488,1493267430847.512,0.0100302440189332,0.023033269703419904,0.43546765822153083
DEU,2020,13314715164.002,12815712303.548,-499002860.4540005,0.962522453217541,1385852259832.315,0.009247531410814795,0.026299892363684338,0.35161860295611164
DEU,2021,17243191492.237,16050929587.0,-1192261905.2369995,0.930856076975439,1635599573787.609,0.009813483596006548,0.02704075987460752,0.3629144906250156
DEU,2022,23886749040.484,20196987611.405,-3689761429.0790024,0.8455310338453558,1695806689768.824,0.011909958684122361,0.02482554141190264,0.47974618102033073
DEU,2023,25189005638.771,21846740741.74,-3342264897.030998,0.8673125511597578,1711347832972.371,0.01276580968568808,0.021799690996405954,0.5855959007764256
DNK,2010,270167237.0,132348317.0,-137818920.0,0.48987552476616547,96216730270.0,0.001375522911957295,0.016962810147262048,0.0810905091795369
DNK,2011,280860979.0,154512609.0,-126348370.0,0.5501391099259823,112713338879.0,0.0013708458159142312,0.014771518568333863,0.09280330993544249
DNK,2012,234326973.0,148558968.0,-85768005.0,0.6339815092477638,106104022220.0,0.0014001256963847453,0.016276767122562152,0.08601988870652032
DNK,2013,236240937.0,174077754.0,-62163183.0,0.7368653215255406,110469532387.0,0.001575798776717601,0.018742440293843896,0.0840764997520192
DNK,2014,217789645.0,241643499.0,23853854.0,1.1095270346760517,110748921250.0,0.002181903862110982,0.01661640673093484,0.1313102102904668
DNK,2015,201203266.0,208848555.0,7645289.0,1.0379978374704912,94618816682.0,0.0022072623852601057,0.018789389449970613,0.11747387487694859
DNK,2016,220170429.137,225838903.874,5668474.737000018,1.0257458495185692,94729013059.722,0.0023840521143360764,0.019028019295712,0.1252916594883487
DNK,2017,248528589.405,240823816.018,-7704773.3869999945,0.9689984423705702,101348491314.473,0.002376195371974021,0.021718176190366794,0.10941044732052566
DNK,2018,255895133.77,258901351.591,3006217.82099998,1.0117478506789503,108521449414.015,0.002385715939005549,0.023305324133350562,0.10236785059734586
DNK,2019,274170368.428,264019063.501,-10151304.926999986,0.9629744637058916,109879084449.464,0.002402814555871446,0.023033269703419904,0.10431929929230517
DNK,2020,289394442.621,251258548.738,-38135893.88299999,0.8682217476686519,106871154269.253,0.002351041779758221,0.026299892363684338,0.08939358942033575
DNK,2021,402682999.094,326403703.487,-76279295.607,0.8105723465390358,124263690921.048,0.002626702144992485,0.02704075987460752,0.09713862173892071
DNK,2022,542911667.715,369965801.214,-172945866.50100005,0.6814475046578157,129177354954.924,0.00286401437266693,0.02482554141190264,0.11536563594515503
DNK,2023,490416210.79,276615694.465,-213800516.32500005,0.5640427220368719,128424381511.258,0.0021539188369830782,0.021799690996405954,0.09880501688478924
ESP,2010,620864746.053,167877732.453,-452987013.59999996,0.2703934045542814,247565705857.749,0.0006781138440453557,0.016962810147262048,0.0399765037843573
ESP,2011,643667952.035,173159228.73,-470508723.30499995,0.269019497059851,299207388481.339,0.0005787264465924096,0.014771518568333863,0.03917853427968079
ESP,2012,591299066.148,192204833.615,-399094232.533,0.32505519561719015,290680282207.518,0.0006612241881538566,0.016276767122562152,0.0406238034355911
ESP,2013,596861315.052,220040461.339,-376820853.71300006,0.3686626286373234,313106419630.529,0.0007027657292962934,0.018742440293843896,0.037495956677910426
ESP,2014,640898637.828,301414245.922,-339484391.90599996,0.4702994017017891,319651825040.681,0.0009429454872771022,0.01661640673093484,0.05674785785795772
ESP,2015,623837582.632,296660401.717,-327177180.91499996,0.4755410862958527,276958511714.4,0.0010711366113308573,0.018789389449970613,0.057007526198917156
ESP,2016,659388526.88,384482633.059,-274905893.821,0.5830896616873814,283761065862.3,0.0013549520329387856,0.019028019295712,0.07120825409527132
ESP,2017,648529616.24,307463124.835,-341066491.40500003,0.47409265072208784,311953394805.861,0.0009856059589489145,0.021718176190366794,0.04538161723662989
ESP,2018,784593195.614,374583476.068,-410009719.54599994,0.4774238142288015,346064315051.142,0.0010824100023507,0.023305324133350562,0.04644475211575115
ESP,2019,714853925.179,347867990.154,-366985935.02500004,0.4866280758924189,337202601407.811,0.001031629022734882,0.023033269703419904,0.0447886485947633
ESP,2020,686824161.106,309528807.099,-377295354.00699997,0.45066674212590685,312080513421.152,0.0009918235640726837,0.026299892363684338,0.03771207693010268
ESP,2021,941237885.85,374449176.318,-566788709.5320001,0.3978262901942665,391558519476.67,0.0009563045054375598,0.02704075987460752,0.035365297050530466
ESP,2022,1121330848.061,369889721.766,-751441126.2950001,0.329866713651561,424286054809.902,0.0008717932573384391,0.02482554141190264,0.03511678729876387
ESP,2023,1226998664.586,391931787.111,-835066877.4749999,0.31942315702783686,420169591002.546,0.0009327942704654823,0.021799690996405954,0.04278933451943283
EST,2010,199188421.0,19161570.0,-180026851.0,0.09619821224447579,12811364478.0,0.001495669726117365,0.016962810147262048,0.08817346377945401
EST,2011,309620473.0,33491310.0,-276129163.0,0.10816891297753427,18139131426.0,0.0018463568741772674,0.014771518568333863,0.12499438467588272
EST,2012,438764307.0,43762546.0,-395001761.0,0.09974044219599658,18161223711.0,0.002409669452697377,0.016276767122562152,0.14804349257766286
EST,2013,430261449.0,40177687.0,-390083762.0,0.09337970458050496,18284136368.0,0.002197406877270781,0.018742440293843896,0.11724230371391589
EST,2014,434698626.0,47834217.0,-386864409.0,0.11003995443960754,17465559809.0,0.0027387737652331667,0.01661640673093484,0.16482346692527566
EST,2015,279692036.0,39802727.0,-239889309.0,0.14230911816166264,13907609950.0,0.0028619386899040836,0.018789389449970613,0.15231674757311287
EST,2016,352408694.324,63172112.985,-289236581.339,0.17925810004823653,13967429425.785,0.004522815978463381,0.019028019295712,0.23769242127490411
EST,2017,360937611.421,51072226.993,-309865384.428,0.14149876703602668,15387735462.712,0.003319021640108103,0.021718176190366794,0.15282230013311485
EST,2018,339697097.42,66802739.933,-272894357.487,0.19665384379309364,17851477710.699,0.0037421406236281957,0.023305324133350562,0.16057020285219245
EST,2019,271761421.932,63901506.553,-207859915.37899998,0.23513825508680702,16807408470.226,0.003801984503809751,0.023033269703419904,0.16506490623192957
EST,2020,170220135.32,65785605.61,-104434529.71,0.3864737005779511,16901599064.09,0.003892271101719094,0.026299892363684338,0.14799570461716627
EST,2021,189298249.66,43283838.44,-146014411.22,0.2286541926179583,22303230971.07,0.0019406981210993329,0.02704075987460752,0.07176936336473795
EST,2022,246851774.84,60158647.59,-186693127.25,0.24370352463129977,23600194188.92,0.0025490742622043235,0.02482554141190264,0.10267950333530959
EST,2023,210108177.64,50867201.28,-159240976.35999998,0.24210005460689885,20108196603.0,0.0025296749521740293,0.021799690996405954,0.11604178025234801
FIN,2010,333648825.0,87005191.0,-246643634.0,0.2607687618860939,70116501475.0,0.0012408661180994842,0.016962810147262048,0.07315215505726634
FIN,2011,348386571.0,122265553.0,-226121018.0,0.35094795028709647,78794218004.0,0.0015517071696021295,0.014771518568333863,0.10504723413668311
FIN,2012,323170308.0,156612931.0,-166557377.0,0.48461423318629876,72974489144.0,0.00214613261205511,0.016276767122562152,0.1318525107532093
FIN,2013,411536832.0,215806041.0,-195730791.0,0.5243905872318131,74445385637.0,0.0028988504680771314,0.018742440293843896,0.1546677178974011
FIN,2014,546276312.0,305407089.0,-240869223.0,0.5590707162129337,74338833529.0,0.004108311558061494,0.01661640673093484,0.24724428238826335
FIN,2015,361149967.0,240417669.0,-120732298.0,0.6657003764865359,59682311206.0,0.004028290194228106,0.018789389449970613,0.21439175578078226
FIN,2016,566187286.0,355999833.0,-210187453.0,0.6287669147696121,57325871718.0,0.006210107623853508,0.019028019295712,0.3263664771063674
FIN,2017,605328128.407,466417953.399,-138910175.00799996,0.7705208654790912,67280640848.379,0.006932424357403211,0.021718176190366794,0.3191991950262436
FIN,2018,772788970.448,419636326.769,-353152643.67899996,0.5430154192362879,75258290459.809,0.005575948167373041,0.023305324133350562,0.2392564091993771
FIN,2019,834419744.894,304871567.618,-529548177.2760001,0.3653695510965277,72839176013.257,0.004185543883177814,0.023033269703419904,0.18171731313320044
FIN,2020,387493624.041,219504801.256,-167988822.785,0.5664733240430676,65606975840.161,0.003345753991020436,0.026299892363684338,0.12721550129385134
FIN,2021,805779608.182,344651684.237,-461127923.94500005,0.4277245052336372,81500265209.305,0.004228841260232496,0.02704075987460752,0.15638766365451018
FIN,2022,1152291797.58,816857792.816,-335434004.76399994,0.7088983836659553,86228240180.829,0.009473204962816936,0.02482554141190264,0.3815910720994385
FIN,2023,1208251445.416,615174714.218,-593076731.1979998,0.5091446126978941,82567752672.758,0.00745054448382689,0.021799690996405954,0.3417729400409959
FRA,2010,5267334882.0,7086020832.0,1818685950.0,1.345276309697903,511651042741.0,0.013849323542934661,0.016962810147262048,0.8164521929268935
FRA,2011,5738546180.0,8474177176.0,2735630996.0,1.4767115067461216,585723823817.0,0.014467871770651454,0.014771518568333863,0.979443765630614
FRA,2012,5482576103.0,7531373781.0,2048797678.0,1.3736925196312226,558460545476.0,0.01348595499182612,0.016276767122562152,0.8285401449979873
FRA,2013,5296388709.0,7682122941.0,2385734232.0,1.450445456910289,567987697540.0,0.013525157277652116,0.018742440293843896,0.7216326724591227
FRA,2014,4800967182.0,7296038384.0,2495071202.0,1.5197017824563834,566656165381.0,0.012875600460632766,0.01661640673093484,0.7748727308571595
FRA,2015,4607064522.0,6841832186.0,2234767664.0,1.4850740972539824,493941214224.0,0.013851511048230248,0.018789389449970613,0.7371985707737785
FRA,2016,4480768871.0,6747403386.0,2266634515.0,1.5058583873115825,488885072443.0,0.013801614666372723,0.019028019295712,0.7253311262661449
FRA,2017,4078118334.669,6683227695.743,2605109361.074,1.6388018069332073,523385133284.496,0.012769234872611874,0.021718176190366794,0.5879515278210025
FRA,2018,4124226422.255,7682030080.961,3557803658.7060003,1.862659634666882,568535879844.931,0.01351195298888838,0.023305324133350562,0.5797796637186609
FRA,2019,4441806450.908,7693480467.688,3251674016.7799997,1.7320611676169024,556364114008.325,0.013828139295793764,0.023033269703419904,0.6003550287843245
FRA,2020,3716500783.152,6485064852.549,2768564069.397,1.7449383791193376,489904375771.441,0.013237409529843695,0.026299892363684338,0.5033256161961446
FRA,2021,4771279444.061,7476483825.894,2705204381.833,1.5669767226064018,585177396978.298,0.012776439870201061,0.02704075987460752,0.47248819668705794
FRA,2022,6071237979.107,9923184040.837,3851946061.7299995,1.6344580915763363,632759243092.236,0.01568240076959337,0.02482554141190264,0.6317042802568819
FRA,2023,5226480695.809,9764663620.912,4538182925.103001,1.8683056896664842,660448721960.556,0.014784892901186014,0.021799690996405954,0.6782157097375165
GBR,2010,2971306076.0,2487334957.0,-483971119.0,0.8371183894822689,422014118473.0,0.005893961476928969,0.016962810147262048,0.34746374131177243
GBR,2011,2438979344.0,2201328114.0,-237651230.0,0.9025611961066284,517288693419.0,0.004255511751958863,0.014771518568333863,0.28808898233940067
GBR,2012,1957244365.0,1941454463.0,-15789902.0,0.9919325852804282,481225753723.0,0.004034394352297128,0.016276767122562152,0.24786214129124112
GBR,2013,1795647860.0,1735038888.0,-60608972.0,0.9662467383777574,548041853304.0,0.0031658875641338478,0.018742440293843896,0.16891544081235296
GBR,2014,1947693055.0,1677458326.0,-270234729.0,0.8612539443490493,511145442935.0,0.0032817632421175955,0.01661640673093484,0.19750137892375502
GBR,2015,1895997869.0,1544012991.0,-351984878.0,0.8143537586433859,466295682754.0,0.0033112315813881616,0.018789389449970613,0.17622880137775526
GBR,2016,1886802080.0,1567424445.0,-319377635.0,0.8307307171295889,411463355625.0,0.00380939012811756,0.019028019295712,0.2001989838730095
GBR,2017,1929538334.304,1540934820.964,-388603513.3399999,0.7986028541484395,441847324214.296,0.0034874825228468427,0.021718176190366794,0.16057897736338161
GBR,2018,2118485639.016,1598431412.699,-520054226.31700015,0.7545160482850588,490840363553.577,0.003256519902166777,0.023305324133350562,0.13973287320671104
GBR,2019,1843542412.483,1529018800.241,-314523612.2420001,0.8293917134141874,468322416147.586,0.0032648849329457437,0.023033269703419904,0.14174648128489478
GBR,2020,1802298561.545,1421781915.378,-380516646.16700006,0.788871469863014,395692086586.138,0.0035931522604976157,0.026299892363684338,0.13662231809964157
GBR,2021,2810147451.23,1676360483.1,-1133786968.13,0.5965382643413455,470547786029.463,0.003562572246371245,0.02704075987460752,0.1317482298164505
GBR,2022,3229494103.57,2051074990.59,-1178419112.9800003,0.6351072102353947,543186045500.722,0.003776008252751172,0.02482554141190264,0.15210174836069273
GBR,2023,2797825666.478,1329924070.061,-1467901596.417,0.4753420079011408,521207222955.329,0.002551622486196788,0.021799690996405954,0.11704856213867737
GRC,2010,103026195.0,22115248.0,-80910947.0,0.2146565540928693,27585695544.0,0.0008016926005989418,0.016962810147262048,0.04726177995503547
GRC,2011,64811734.0,23083713.0,-41728021.0,0.3561656443260722,33377038760.0,0.0006916045837974153,0.014771518568333863,0.04682014111128888
GRC,2012,41302979.0,5069347.0,-36233632.0,0.12273562640602752,35151146150.0,0.00014421569579460214,0.016276767122562152,0.00886021743191844
GRC,2013,39608326.0,7784194.0,-31824132.0,0.1965292347876555,36261644044.0,0.0002146674318063084,0.018742440293843896,0.01145354758722735
GRC,2014,46699986.0,7852692.0,-38847294.0,0.1681519133645993,35755371471.0,0.00021962272175997554,0.01661640673093484,0.013217221106600797
GRC,2015,34181793.0,8273521.0,-25908272.0,0.2420446756552531,28289236579.0,0.00029246179821415535,0.018789389449970613,0.01556526352241918
GRC,2016,41220762.0,10912623.0,-30308139.0,0.2647360812980604,27810924841.0,0.0003923861957985722,0.019028019295712,0.020621494528702582
GRC,2017,35997065.551,18236315.221,-17760750.33,0.5066056063698613,32154816405.638,0.0005671410152353555,0.021718176190366794,0.02611365753110124
GRC,2018,45439024.109,19458912.592,-25980111.516999997,0.42824230875473007,39490521437.854,0.0004927489403405923,0.023305324133350562,0.021143191895600155
GRC,2019,41710665.676,17844615.094,-23866050.582,0.4278189955685041,37885526504.371,0.00047101404521700913,0.023033269703419904,0.02044929145023099
GRC,2020,47740060.103,28878066.083,-18861994.02,0.6049021727391016,35070461605.836,0.0008234298826050942,0.026299892363684338,0.031309249148947484
GRC,2021,69871147.863,41063196.539,-28807951.32400001,0.587698897111505,47244277316.697,0.0008691676298430224,0.02704075987460752,0.032142870018205726
GRC,2022,77063454.017,36934381.235,-40129072.782000005,0.4792723309138514,57568024971.028,0.0006415780505512878,0.02482554141190264,0.025843466609903717
GRC,2023,85451340.972,31233183.676,-54218157.296000004,0.3655084088877462,55051586783.705,0.0005673439314058949,0.021799690996405954,0.026025319877214365
HUN,2010,3375535000.0,474008000.0,-2901527000.0,0.14042455492240488,94748737000.0,0.005002789641407041,0.016962810147262048,0.29492693710390533
HUN,2011,3083419000.0,587042000.0,-2496377000.0,0.1903867103368047,111216834000.0,0.005278355612964131,0.014771518568333863,0.357333309269874
HUN,2012,2192024825.0,515598849.0,-1676425976.0,0.23521578912775315,102829804313.0,0.005014099291977518,0.016276767122562152,0.3080525299785846
HUN,2013,2141625783.0,489110492.0,-1652515291.0,0.2283827995920238,108014637456.0,0.00452818713759272,0.018742440293843896,0.24160072363042495
HUN,2014,2228485781.0,493044959.0,-1735440822.0,0.22124662549058463,112536243771.0,0.004381210377016823,0.01661640673093484,0.2636677380351014
HUN,2015,2122433523.0,323180678.0,-1799252845.0,0.15226892833052938,100296847323.0,0.003222241641945294,0.018789389449970613,0.17149262090314135
HUN,2016,2338592426.0,293815097.0,-2044777329.0,0.12563758170659534,103009508296.0,0.0028523104503684854,0.019028019295712,0.14990054435204714
HUN,2017,2683017459.0,347613946.0,-2335403513.0,0.1295608214676176,113496741513.0,0.00306276586768955,0.021718176190366794,0.14102316146822932
HUN,2018,3057261298.0,398453366.0,-2658807932.0,0.13033016388251156,123957885048.0,0.0032144253336180073,0.023305324133350562,0.1379266520914024
HUN,2019,3436626695.0,538416313.0,-2898210382.0,0.15667000252990818,122180657695.0,0.0044067229883804565,0.023033269703419904,0.19131990573297375
HUN,2020,3134117652.0,423920948.0,-2710196704.0,0.13526006202398938,119970720482.0,0.003533536735437074,0.026299892363684338,0.13435555882031994
HUN,2021,3534671337.0,595435994.0,-2939235343.0,0.16845583004199974,141157091681.0,0.004218250651873885,0.02704075987460752,0.15599601015040301
HUN,2022,3901358478.0,788392490.0,-3112965988.0,0.20208152991984552,149934114714.0,0.005258259546227103,0.02482554141190264,0.2118084540023777
HUN,2023,4313476701.217,618793391.991,-3694683309.226,0.14345583269672335,158593089229.56,0.003901767693643386,0.021799690996405954,0.178982706419401
IRL,2010,846469338.052,2042510897.514,1196041559.462,2.412976827033663,120538527500.036,0.01694488011323508,0.016962810147262048,0.9989429797379498
IRL,2011,782926381.094,1861140113.743,1078213732.6490002,2.3771585153924546,129708688826.933,0.014348615582925765,0.014771518568333863,0.971370378512424
IRL,2012,550538753.669,1392115155.495,841576401.8259999,2.5286415283527526,120208957761.425,0.011580793822852101,0.016276767122562152,0.7114922598357573
IRL,2013,467979846.036,998648802.053,530668956.01699996,2.133956858424577,118443466078.486,0.00843143851760679,0.018742440293843896,0.44985809667357796
IRL,2014,518948665.682,722829680.823,203881015.14099997,1.392873185005805,123039871722.412,0.005874759707599198,0.01661640673093484,0.3535517517552174
IRL,2015,520204760.68,1521977760.77,1001773000.0899999,2.925728243587207,124717363772.617,0.012203415103809035,0.018789389449970613,0.6494843877871785
IRL,2016,511052293.431,6177071757.594,5666019464.163,12.086966122632225,132044712189.116,0.04678015238313462,0.019028019295712,2.458487751989857
IRL,2017,400601586.063,5333781909.777,4933180323.714001,13.31443033512651,138707447691.473,0.03845346445737314,0.021718176190366794,1.7705660051892096
IRL,2018,494342781.194,4156763091.504,3662420310.3100004,8.408665504256081,166095221558.803,0.025026385783364476,0.023305324133350562,1.0738484322366075
IRL,2019,1035772446.452,7194209189.102,6158436742.650001,6.945742970616274,170757988841.469,0.04213102554036915,0.023033269703419904,1.8291378550616142
IRL,2020,784956094.909,8205137600.93,7420181506.021,10.452989223405192,185185364985.075,0.04430770002581625,0.026299892363684338,1.6847103179402216
IRL,2021,5775240581.902,11182166454.504,5406925872.601999,1.9362252179668156,195997875885.468,0.057052487961850855,0.02704075987460752,2.109869997234275
IRL,2022,6496446807.326,11936240338.116,5439793530.789999,1.8373490451204155,219836715126.171,0.05429593656030307,0.02482554141190264,2.1870997961104206
IRL,2023,4684531051.32,5842335163.194,1157804111.8740005,1.247154752351947,212869514240.842,0.027445617020499906,0.021799690996405954,1.2589911033612713
ISL,2010,3191236.0,27876.0,-3163360.0,0.00873517345630345,4603089478.0,6.055932680264096e-06,0.016962810147262048,0.00035701234805375566
ISL,2011,4063010.0,45274.0,-4017736.0,0.011142970359413341,5348791180.0,8.46434240493195e-06,0.014771518568333863,0.0005730177547945009
ISL,2012,3236931.0,11438.0,-3225493.0,0.0035335940123530593,5063441687.0,2.258937834589108e-06,0.016276767122562152,0.00013878295472187876
ISL,2013,5579016.0,32958.0,-5546058.0,0.0059074933644212525,4997710433.0,6.594619764758187e-06,0.018742440293843896,0.00035185491650861723
ISL,2014,3300495.0,38395.0,-3262100.0,0.011633103519320587,5051299749.0,7.601013978155031e-06,0.01661640673093484,0.0004574402938755819
ISL,2015,2957796.0,53824.0,-2903972.0,0.018197333419884266,4721984946.0,1.1398596271594298e-05,0.018789389449970613,0.000606650700489479
ISL,2016,4200571.0,20268.0,-4180303.0,0.00482505830754914,4449729754.0,4.554883357080386e-06,0.019028019295712,0.0002393776927747197
ISL,2017,3251443.787,12738.842,-3238704.945,0.003917903194553983,4882605885.029,2.6090252418405746e-06,0.021718176190366794,0.00012013095478053175
ISL,2018,5076479.571,36468.179,-5040011.392000001,0.007183753719473008,5561475841.127,6.5572844406368826e-06,0.023305324133350562,0.00028136422403382186
ISL,2019,3081298.07,86738.72,-2994559.3499999996,0.028150058199335453,5228360516.509,1.659004189288688e-05,0.023033269703419904,0.0007202643005749047
ISL,2020,2529947.302,35960.672,-2493986.6300000004,0.01421400041478018,4580415490.226,7.850962882458002e-06,0.026299892363684338,0.0002985169206737455
ISL,2021,3223240.603,43134.898,-3180105.705,0.013382462965951908,5973742650.46,7.2207492896732766e-06,0.02704075987460752,0.00026703204063632406
ISL,2022,3294760.642,152488.742,-3142271.9,0.046282191202647004,7403797369.088,2.0596017745794083e-05,0.02482554141190264,0.000829630154044467
ISL,2023,4047100.172,136703.088,-3910397.084,0.03377803419489959,6807539976.725,2.0081128934591387e-05,0.021799690996405954,0.0009211657604643157
ISR,2010,1134329000.0,2358885000.0,1224556000.0,2.079542178680083,58413028000.0,0.04038285774194072,0.016962810147262048,2.380670265796666
ISR,2011,1407605000.0,1787134000.0,379529000.0,1.2696274878250646,67796328000.0,0.026360336211719314,0.014771518568333863,1.7845380005972262
ISR,2012,2080161000.0,2828920000.0,748759000.0,1.3599524267592749,63140635000.0,0.044803477190243655,0.016276767122562152,2.7526029495217763
ISR,2013,1846607000.0,4075366000.0,2228759000.0,2.206948202839045,66781207000.0,0.06102564154014167,0.018742440293843896,3.2560136558197295
ISR,2014,1735409000.0,3910199000.0,2174790000.0,2.25318584840807,68965008000.0,0.05669830416027792,0.01661640673093484,3.4121880306843013
ISR,2015,2531282000.0,5578568000.0,3047286000.0,2.2038508550212894,64062217000.0,0.08708047053694692,0.018789389449970613,4.634555623470944
ISR,2016,2724392000.0,3452510000.0,728118000.0,1.2672588966639162,60570596000.0,0.056999769327018016,0.019028019295712,2.9955702924824665
ISR,2017,1044102000.0,2764903000.0,1720801000.0,2.6481157971156075,61150141000.0,0.04521498977410371,0.021718176190366794,2.081896259509997
ISR,2018,1163384000.0,3259649000.0,2096265000.0,2.801868514609106,61906412000.0,0.05265446493652386,0.023305324133350562,2.2593320150897998
ISR,2019,1022796000.0,2098975000.0,1076179000.0,2.0521932037278208,58488466000.0,0.03588699009476501,0.023033269703419904,1.5580501837929084
ISR,2020,1016117000.0,2925553000.0,1909436000.0,2.879149743582678,50153246000.0,0.058332276239906784,0.026299892363684338,2.217966348807332
ISR,2021,1700255000.0,3746309000.0,2046054000.0,2.2033806693701825,60159734000.0,0.06227269887862204,0.02704075987460752,2.302919709630604
ISR,2022,2200469000.0,4940699000.0,2740230000.0,2.245293616951659,72568881000.0,0.06808288803571327,0.02482554141190264,2.742453302672821
ISR,2023,1808046000.0,4744453000.0,2936407000.0,2.624077595370914,58904608000.0,0.08054468336331175,0.021799690996405954,3.694762617350443
ITA,2010,2129773177.0,1865267849.0,-264505328.0,0.8758058694435328,446839829715.0,0.004174354488922107,0.016962810147262048,0.2460886169616115
ITA,2011,2155474075.0,2069917803.0,-85556272.0,0.9603074455905948,523256296222.0,0.003955839266426722,0.014771518568333863,0.2678018003448183
ITA,2012,1750901823.0,1907526684.0,156624861.0,1.0894538225630712,501528850943.0,0.0038034236323859962,0.016276767122562152,0.23367193274602144
ITA,2013,1529978732.0,1809560929.0,279582197.0,1.1827360022413698,518095102500.0,0.003492719618981536,0.018742440293843896,0.18635351449558826
ITA,2014,1292864072.0,1332286356.0,39422284.0,1.0304922109398675,529528733451.0,0.00251598501051555,0.01661640673093484,0.1514157092599045
ITA,2015,1157076209.186,1080610616.576,-76465592.61000013,0.9339148173621222,456988625514.476,0.002364633507802197,0.018789389449970613,0.12584940634172098
ITA,2016,1262366535.949,1125037104.382,-137329431.5669999,0.8912127122700058,461667625429.242,0.0024368984143862825,0.019028019295712,0.12806894803472488
ITA,2017,1479165500.247,1336736737.516,-142428762.73099995,0.9037100563072784,507361399840.262,0.00263468355680361,0.021718176190366794,0.12131237603515883
ITA,2018,1681788473.522,1550860249.872,-130928223.6500001,0.9221494107544866,549514772960.89,0.002822235772690278,0.023305324133350562,0.12109832742688957
ITA,2019,1483319035.563,1429659628.505,-53659407.05799985,0.9638247701462058,537748428817.915,0.0026586030788554697,0.023033269703419904,0.1154244756861736
ITA,2020,1605393215.592,1236348904.446,-369044311.1459999,0.770122168474524,498803831970.624,0.0024786275188816357,0.026299892363684338,0.09424477806244551
ITA,2021,2160186396.179,1503466727.262,-656719668.9169998,0.69598935069741,615910260060.774,0.0024410483551835097,0.02704075987460752,0.09027292008445972
ITA,2022,2420075700.099,1824105935.497,-595969764.602,0.7537392055225296,659387209133.806,0.0027663653620051396,0.02482554141190264,0.11143222683871869
ITA,2023,2321722050.638,2014212337.807,-307509712.8310001,0.8675510219896918,676819818431.702,0.0029759949146794295,0.021799690996405954,0.1365154632315693
JPN,2010,20419452968.0,34532077600.0,14112624632.0,1.6911362735385889,769773832480.0,0.044860030495901794,0.016962810147262048,2.6446107753639283
JPN,2011,17966813675.0,32013157668.0,14046343993.0,1.78179382538735,823183758647.0,0.03888944276623899,0.014771518568333863,2.6327315357818004
JPN,2012,17425530643.0,30586187233.0,13160656590.0,1.7552514101076606,798620022574.0,0.038298798387772566,0.016276767122562152,2.352973296194944
JPN,2013,16501600665.0,26994832651.0,10493231986.0,1.6358917658367658,715097244251.0,0.03774987649305607,0.018742440293843896,2.014138815501806
JPN,2014,16780904361.0,25477741996.0,8696837635.0,1.5182579822820552,690217466341.0,0.03691263006000604,0.01661640673093484,2.221456820221283
JPN,2015,16927967287.0,23641511571.0,6713544284.0,1.3965948285566296,624873508116.0,0.03783407563921121,0.018789389449970613,2.013587282330261
JPN,2016,16961044062.0,24064456047.0,7103411985.0,1.4188074719359218,644932439497.0,0.037313142545238556,0.019028019295712,1.960957783643153
JPN,2017,19451341082.514,26673541180.398,7222200097.883999,1.3712957408564737,698131223694.097,0.03820705946835813,0.021718176190366794,1.7592204397579694
JPN,2018,20136906021.006,28035473943.137,7898567922.1310005,1.3922433721392717,738195054863.86,0.03797840930850909,0.023305324133350562,1.6296022784836937
JPN,2019,18511107876.736,27782032756.48,9270924879.744,1.5008303631245818,705671082765.821,0.039369663055471335,0.023033269703419904,1.709252032490457
JPN,2020,18756811672.405,28880685724.671,10123874052.266003,1.5397438663395142,641282568357.232,0.045035819075285956,0.026299892363684338,1.712395566206679
JPN,2021,25389671079.991,34011057037.999,8621385958.008,1.3395627273329394,757066261248.971,0.04492480880324692,0.02704075987460752,1.6613737561951178
JPN,2022,31666849627.998,33627038485.197,1960188857.1989975,1.061900343110415,746672096581.525,0.04503588474666596,0.02482554141190264,1.8140947663309952
JPN,2023,28685975906.283,30788027604.499,2102051698.2159996,1.0732780263458144,717219220218.556,0.04292694163315514,0.021799690996405954,1.9691536747118283
KOR,2010,23836272830.0,37904491607.0,14068218777.0,1.5902021208321604,466380619660.0,0.0812737279577206,0.016962810147262048,4.791289135004492
KOR,2011,25369844489.0,39664759274.0,14294914785.0,1.5634608754183759,555208897965.0,0.07144114480042148,0.014771518568333863,4.8364116708739715
KOR,2012,25421551682.0,41346577630.0,15925025948.0,1.6264379982468138,547854447999.0,0.07547000445285328,0.016276767122562152,4.636670407862505
KOR,2013,27808535750.0,47118045374.0,19309509624.0,1.694373475741167,559618558899.0,0.08419671689713183,0.018742440293843896,4.492302793931637
KOR,2014,29927287952.0,51543873494.0,21616585542.0,1.72230352368282,573074773090.0,0.0899426670207051,0.01661640673093484,5.412883090617806
KOR,2015,31608455116.0,52173406254.0,20564951138.0,1.6506155097592907,526753006361.0,0.09904719218297914,0.018789389449970613,5.271442823978192
KOR,2016,29919072248.0,52280253446.0,22361181198.0,1.7473888566011526,495417715559.0,0.10552762205326077,0.019028019295712,5.54590682368299
KOR,2017,33386617494.0,86103151684.0,52716534190.0,2.578971999768285,573627368937.0,0.1501029350178312,0.021718176190366794,6.911396873389862
KOR,2018,34522861651.0,109776376332.0,75253514681.0,3.179816825202849,604807317420.0,0.1815063627210835,0.023305324133350562,7.788193019008171
KOR,2019,35703236563.0,79076531427.0,43373294864.0,2.21482809513546,542171769089.0,0.14585143663948172,0.023033269703419904,6.33220721666912
KOR,2020,40277147261.0,82884355424.0,42607208163.0,2.0578506935186094,512419287526.0,0.1617510453678902,0.026299892363684338,6.150255032649517
KOR,2021,50339776096.0,109296681667.0,58956905571.0,2.171179336566114,644372936752.0,0.1696171198901003,0.02704075987460752,6.272646208044558
KOR,2022,62400258370.0,112847160489.0,50446902119.0,1.8084405968301762,683550925677.0,0.16508961695463192,0.02482554141190264,6.649990597001823
KOR,2023,51685861319.0,86134555070.0,34448693751.0,1.6665012998116853,631804230615.0,0.13633108310489847,0.021799690996405954,6.253808052938684
LTU,2010,37456532.0,8248652.0,-29207880.0,0.22021931982384274,20813922632.0,0.00039630453835348917,0.016962810147262048,0.023363141773856164
LTU,2011,44708548.0,5443869.0,-39264679.0,0.12176349363884509,28068648237.0,0.0001939483851888496,0.014771518568333863,0.013129888053935255
LTU,2012,35967471.0,5677935.0,-30289536.0,0.15786305909581466,29652662128.0,0.0001914814587469541,0.016276767122562152,0.011764096475984519
LTU,2013,41637150.0,9435324.0,-32201826.0,0.22660830532349116,32599742784.0,0.000289429400180141,0.018742440293843896,0.015442460834473426
LTU,2014,62892021.0,19502295.0,-43389726.0,0.31009172053796774,32394296287.0,0.0006020286666275376,0.01661640673093484,0.036230977995184606
LTU,2015,45294774.0,11888778.0,-33405996.0,0.2624757107740509,25411022244.0,0.0004678591001118483,0.018789389449970613,0.02490017578046316
LTU,2016,58758083.0,15072926.0,-43685157.0,0.2565251490590665,25022652473.8,0.0006023712320579174,0.019028019295712,0.03165706438996847
LTU,2017,73956212.0,22724220.0,-51231992.0,0.30726587240568787,29888104257.8,0.0007603098478241418,0.021718176190366794,0.035007997041730465
LTU,2018,87934345.0,26995229.99,-60939115.010000005,0.3069930183706946,33334576736.83,0.0008098266914598043,0.023305324133350562,0.03474857019048793
LTU,2019,96262868.0,34880492.0,-61382376.0,0.36234627873335334,33150771896.81,0.0010521773703663427,0.023033269703419904,0.045680764559888724
LTU,2020,105674230.0,36557905.0,-69116325.0,0.3459491022551099,32790372365.0,0.0011148975251961887,0.026299892363684338,0.042391714375822766
LTU,2021,217712261.0,38832157.0,-178880104.0,0.17836458462024793,40698383278.78,0.0009541449529826153,0.02704075987460752,0.03528543418924407
LTU,2022,293815415.0,37087546.0,-256727869.0,0.1262273662530606,46501899036.0,0.0007975490629165109,0.02482554141190264,0.0321261498262481
LTU,2023,251002193.0,32286982.0,-218715211.0,0.1286322705555007,42625691925.0,0.0007574535577465585,0.021799690996405954,0.03474606855076237
LUX,2010,46283729.0,18850882.0,-27432847.0,0.40728961143126563,13911259203.0,0.0013550809258111413,0.016962810147262048,0.0798854030698365
LUX,2011,56816540.0,26776379.0,-30040161.0,0.47127788844586455,16307879411.0,0.0016419289304983934,0.014771518568333863,0.11115505307749769
LUX,2012,49834221.0,19439188.0,-30395033.0,0.39007709180404365,13726902677.0,0.0014161379633419542,0.016276767122562152,0.08700363854066358
LUX,2013,38930266.0,9367999.0,-29562267.0,0.24063537094763238,13826005986.0,0.0006775636441562293,0.018742440293843896,0.03615130332728233
LUX,2014,43706994.0,7987584.0,-35719410.0,0.18275299371995246,14790882956.0,0.0005400342916485452,0.01661640673093484,0.03250006456830169
LUX,2015,35619758.0,4625782.0,-30993976.0,0.12986562120944226,12625702669.0,0.0003663781827650451,0.018789389449970613,0.019499206386699178
LUX,2016,47330675.0,6901600.0,-40429075.0,0.14581664005425657,12838381070.0,0.0005375755683189111,0.019028019295712,0.028251788058679065
LUX,2017,33005821.77,4815228.751,-28190593.019,0.1458902851913449,11532881148.218,0.00041752175272733333,0.021718176190366794,0.019224531059496938
LUX,2018,14691764.316,5435887.588,-9255876.728,0.3699955615323935,15148367371.381,0.0003588431317205663,0.023305324133350562,0.015397474399725334
LUX,2019,12385875.447,3479800.462,-8906074.985000001,0.2809490921243558,14667446910.457,0.0002372465012652688,0.023033269703419904,0.010300165991198516
LUX,2020,9677471.828,3967922.976,-5709548.852,0.41001648431768495,13506053445.568,0.00029378848469625076,0.026299892363684338,0.011170710534995288
LUX,2021,16283563.925,6296339.956,-9987223.969,0.3866684212989326,16247126542.139,0.00038753560142894424,0.02704075987460752,0.014331535179706895
LUX,2022,18634719.208,8773927.514,-9860791.694,0.47083765610126815,16766113323.445,0.0005233131462693219,0.02482554141190264,0.021079626727432365
LUX,2023,18947810.611,4294540.827,-14653269.784000002,0.22665103188791838,16367613412.471,0.00026238039222797465,0.021799690996405954,0.012035968412177607
LVA,2010,37382793.0,10081317.0,-27301476.0,0.2696780039950466,8850801231.0,0.0011390287429221785,0.016962810147262048,0.06714858758859764
LVA,2011,36503274.0,14623691.0,-21879583.0,0.40061313404381205,11988196196.0,0.0012198408134894692,0.014771518568333863,0.08258059642591369
LVA,2012,32800070.0,18454818.0,-14345252.0,0.5626456894756627,12685521524.0,0.00145479379504303,0.016276767122562152,0.08937854698593417
LVA,2013,60593268.0,28317706.0,-32275562.0,0.46734079436019194,13324704654.0,0.0021252032773198606,0.018742440293843896,0.11338989181776402
LVA,2014,49889861.035,25569551.076,-24320309.958999995,0.5125199899446864,13782781935.396,0.0018551807026950071,0.01661640673093484,0.11164752601061508
LVA,2015,71453694.181,41903089.948,-29550604.232999995,0.5864369985106005,11425789786.287,0.0036674129956680308,0.018789389449970613,0.1951853201740819
LVA,2016,77892943.428,32216380.822,-45676562.606000006,0.4135981952175048,11611420890.211,0.0027745425066074384,0.019028019295712,0.14581352181163107
LVA,2017,103692596.582,31115887.147,-72576709.435,0.30007819432309796,12976318798.656,0.0023978978653193058,0.021718176190366794,0.11040972521361649
LVA,2018,114336352.561,25273811.488,-89062541.073,0.22104790752806355,14650353878.392,0.0017251331741055538,0.023305324133350562,0.0740231358394557
LVA,2019,115507326.207,36094895.337,-79412430.87,0.3124900949773051,14501842329.043,0.002488986883046739,0.023033269703419904,0.10806051051784378
LVA,2020,141280224.172,42536343.351,-98743880.82099998,0.3010778302504292,15196263887.423,0.0027991316593419177,0.026299892363684338,0.10643129715644924
LVA,2021,276537309.048,136055384.303,-140481924.74499997,0.49199648601261314,19458821916.273,0.006991964101856535,0.02704075987460752,0.25857128772561977
LVA,2022,250855143.807,114059422.801,-136795721.006,0.4546824157959212,22466234664.326,0.005076926530199307,0.02482554141190264,0.20450416149897813
LVA,2023,212576227.784,83197018.083,-129379209.701,0.3913749855771126,20539978432.053,0.004050491988500318,0.021799690996405954,0.1858050184825147
MEX,2010,10658225742.0,927088262.0,-9731137480.0,0.08698335768463779,298305075136.0,0.003107852796595338,0.016962810147262048,0.18321568004443967
MEX,2011,12457649471.0,1101463477.0,-11356185994.0,0.0884166374695389,349326581717.0,0.0031531052449147107,0.014771518568333863,0.21345843559199895
MEX,2012,11662632850.0,1479773080.0,-10182859770.0,0.1268815625967339,370706658359.0,0.003991762884838602,0.016276767122562152,0.24524298067184314
MEX,2013,13359816876.0,1620810326.0,-11739006550.0,0.12131980109036339,379949273136.0,0.004265859788656164,0.018742440293843896,0.22760428854386267
MEX,2014,13927436272.0,1716437026.0,-12210999246.0,0.12324142020672964,396890473226.0,0.004324712085045728,0.01661640673093484,0.26026758703458985
MEX,2015,14790262093.0,1853771913.0,-12936490180.0,0.12533732677241474,380556088682.0,0.0048712186406483894,0.018789389449970613,0.2592536949440903
MEX,2016,15003473063.0,1838669009.0,-13164804054.0,0.12254955911070575,373953613840.0,0.004916837118163789,0.019028019295712,0.25839983877206846
MEX,2017,16387089163.0,2182795291.0,-14204293872.0,0.13320213671189873,409396272990.0,0.005331741969847677,0.021718176190366794,0.24549676377579982
MEX,2018,19298862776.0,2102562024.0,-17196300752.0,0.1089474570809809,450683646625.0,0.004665272502664107,0.023305324133350562,0.2001805456971943
MEX,2019,21357300045.0,2194865125.0,-19162434920.0,0.10276884813976495,460603695808.0,0.004765192170570244,0.023033269703419904,0.20688301018169053
MEX,2020,18820458786.0,2728268976.0,-16092189810.0,0.14496293671807198,416982170486.0,0.006542891205204661,0.026299892363684338,0.2487801514442423
MEX,2021,21865043446.0,3499667244.0,-18365376202.0,0.1600576396128877,494460765005.0,0.0070777450744036515,0.02704075987460752,0.2617435718235851
MEX,2022,26341937985.0,4188422877.0,-22153515108.0,0.15900207795588278,579814827943.0,0.007223725015552297,0.02482554141190264,0.290979555921744
MEX,2023,24053903034.0,3381525986.0,-20672377048.0,0.1405811764194875,595972772664.0,0.005673960524881983,0.021799690996405954,0.2602771078643927
NLD,2010,2651003555.0,3892398861.0,1241395306.0,1.468273723608794,492645871626.0,0.007901007772891634,0.016962810147262048,0.46578413035925703
NLD,2011,2540403975.303,3484564490.676,944160515.3730001,1.3716576279016364,569357970939.976,0.006120164586302696,0.014771518568333863,0.41432196412240724
NLD,2012,2712824859.637,3424481333.103,711656473.4660001,1.2623304158165323,552501890951.398,0.006198135045666735,0.016276767122562152,0.3807964443427557
NLD,2013,3411202658.705,3674348458.837,263145800.13199997,1.0771416495764279,575111978707.557,0.0063889270174728825,0.018742440293843896,0.3408802118244643
NLD,2014,3858995244.921,4118616723.25,259621478.329,1.0672769624867249,575677265459.16,0.007154384879112765,0.01661640673093484,0.4305614923227303
NLD,2015,2970526650.571,3928008112.905,957481462.3340001,1.3223271745937546,464697216473.282,0.008452833315240748,0.018789389449970613,0.4498726974470141
NLD,2016,3915850557.538,4237760441.648,321909884.10999966,1.0822068869534165,468176328141.088,0.009051633299090941,0.019028019295712,0.4757002375507756
NLD,2017,10625730746.822,9306187350.076,-1319543396.7460003,0.8758162211911255,527907822349.286,0.01762843238174,0.021718176190366794,0.8116902739539971
NLD,2018,12405313428.495,10604670134.937,-1800643293.5580006,0.8548490286894386,587893084428.685,0.018038433204640648,0.023305324133350562,0.7740048197324642
NLD,2019,13395082476.076,11091161147.607,-2303921328.469,0.8280024529461563,576784455411.276,0.019229299686480718,0.023033269703419904,0.8348488918021749
NLD,2020,13686864097.42,11541016420.851,-2145847676.5690002,0.8432184566679889,551352792281.894,0.020932180960009254,0.026299892363684338,0.7959036740740819
NLD,2021,15004517919.92,13468102482.883,-1536415437.0370007,0.8976031455834209,696873257184.973,0.019326473421131904,0.02704075987460752,0.7147163582218828
NLD,2022,5686629912.472,5232775519.889,-453854392.5830002,0.9201892158328081,768259269680.812,0.006811210390032855,0.02482554141190264,0.2743630149700264
NLD,2023,5353844212.792,4506254823.456,-847589389.3359995,0.8416858325255627,717440099558.351,0.006281018897926122,0.021799690996405954,0.2881242169424169
NOR,2010,173538876.0,64198425.0,-109340451.0,0.3699368491933761,130656792431.0,0.0004913516075630225,0.016962810147262048,0.028966403756062263
NOR,2011,188188777.0,64183405.0,-124005372.0,0.3410586222152876,160409821472.0,0.0004001214165755019,0.014771518568333863,0.02708735833249087
NOR,2012,151065996.0,57318423.0,-93747573.0,0.3794263733580388,160952207393.0,0.0003561207636006168,0.016276767122562152,0.02187908452084306
NOR,2013,124527984.0,41776622.0,-82751362.0,0.3354797906308352,155350552822.0,0.0002689183993304966,0.018742440293843896,0.014348099559843603
NOR,2014,120366219.0,37744872.0,-82621347.0,0.3135835977368368,144611289843.0,0.0002610091649205151,0.01661640673093484,0.01570791863409272
NOR,2015,106227411.388,37985292.118,-68242119.27,0.35758465373176757,103785482320.364,0.00036599812679722753,0.018789389449970613,0.019478979227704495
NOR,2016,104789368.0,38114656.0,-66674712.0,0.363726365827495,89628326847.0,0.00042525234310201516,0.019028019295712,0.022348744579938837
NOR,2017,140367169.628,39957441.106,-100409728.52199998,0.2846637230906266,101976020159.699,0.00039183173694585117,0.021718176190366794,0.018041650160276815
NOR,2018,137250600.207,53213481.324,-84037118.88299999,0.3877103724409508,123040316872.776,0.0004324881687278396,0.023305324133350562,0.01855748352836411
NOR,2019,133483586.145,57761774.346,-75721811.799,0.4327256707296939,104029881468.011,0.0005552421432274883,0.023033269703419904,0.024106093072189735
NOR,2020,134532554.888,53116127.338,-81416427.55000001,0.39481988119693273,82748920957.746,0.0006418951053769346,0.026299892363684338,0.024406757887088622
NOR,2021,208852419.084,60751752.6,-148100666.484,0.29088364341887646,173813766175.705,0.00034952210021493477,0.02704075987460752,0.012925749935864473
NOR,2022,261538320.458,57947574.403,-203590746.055,0.22156437458772202,269769592025.205,0.00021480395165362397,0.02482554141190264,0.008652538451815432
NOR,2023,255759152.001,59600261.709,-196158890.292,0.23303276243568,177196076820.947,0.00033635203881643975,0.021799690996405954,0.015429211307256283
NZL,2010,57788256.71,5572143.639,-52216113.071,0.09642345964791435,31363410795.044,0.00017766382857442605,0.016962810147262048,0.010473726171079183
NZL,2011,57160799.901,5959449.227,-51201350.674,0.10425762475895202,37683591319.667,0.00015814440764009066,0.014771518568333863,0.010706035869535408
NZL,2012,67592077.471,8984381.802,-58607695.669,0.13292063416536795,37304685387.003,0.00024083789231285594,0.016276767122562152,0.014796420597491798
NZL,2013,76481255.004,4962152.029,-71519102.975,0.0648806302765361,39443065543.473,0.00012580543526797785,0.018742440293843896,0.006712329520361319
NZL,2014,58523993.983,7163049.57,-51360944.413,0.12239509101311022,41619847774.67,0.00017210657782269594,0.01661640673093484,0.010357629095722864
NZL,2015,58269523.799,8508922.202,-49760601.597,0.14602697340296483,34357335123.238,0.00024765955134409967,0.018789389449970613,0.013180819526016425
NZL,2016,57719403.915,7653270.17,-50066133.745,0.13259440761499416,33731328470.783,0.00022688908255211527,0.019028019295712,0.01192394641954379
NZL,2017,58118026.637,9249552.558,-48868474.079,0.15915118067879142,38050286199.784,0.00024308759491150709,0.021718176190366794,0.011192818070024214
NZL,2018,58913101.523,8589434.971,-50323666.552,0.14579838353352756,39838898880.495,0.00021560422633079752,0.023305324133350562,0.009251286319689581
NZL,2019,52128273.22,6238711.774,-45889561.445999995,0.11968000067200385,39539825796.012,0.00015778298584788502,0.023033269703419904,0.006850220914334969
NZL,2020,60538731.364,5596301.924,-54942429.44,0.09244167821012352,38290109708.16,0.00014615528570312172,0.026299892363684338,0.005557257941668888
NZL,2021,97614595.729,9255657.764,-88358937.965,0.09481837930974771,44325287820.466,0.0002088121300303537,0.02704075987460752,0.007722125080754022
NZL,2022,105184446.975,14178563.276,-91005883.699,0.1347971461918693,45615082795.356,0.00031083059389828613,0.02482554141190264,0.012520596781396194
NZL,2023,68891159.361,8651538.565,-60239620.796000004,0.1255827111235658,42124240556.027,0.00020538147277677544,0.021799690996405954,0.00942130201802567
POL,2010,1795766965.0,150900973.0,-1644865992.0,0.08403148957582032,157064948463.0,0.0009607552447358931,0.016962810147262048,0.05663891987206894
POL,2011,2023789873.0,198766936.0,-1825022937.0,0.09821520438055874,188105090147.0,0.001056680262318622,0.014771518568333863,0.0715349784404603
POL,2012,1959058797.0,252889572.0,-1706169225.0,0.1290872802731913,179603599442.0,0.001408042894383453,0.016276767122562152,0.08650629967124643
POL,2013,1972849996.0,232140143.0,-1740709853.0,0.11766740678240598,203847917759.0,0.0011387908473730333,0.018742440293843896,0.0607600093434513
POL,2014,2176228230.0,214153403.0,-1962074827.0,0.09840576463802236,214476794173.0,0.0009984921857199192,0.01661640673093484,0.06009074054867841
POL,2015,2110140573.0,259327304.0,-1850813269.0,0.12289574795072196,194461157270.0,0.0013335686552555916,0.018789389449970613,0.07097456033930243
POL,2016,2415985132.0,577291617.0,-1838693515.0,0.23894667618343604,196455269598.0,0.002938539740783197,0.019028019295712,0.15443224515992593
POL,2017,2212989789.0,462713783.0,-1750276006.0,0.20908988613503268,221307621302.0,0.0020908172085432756,0.021718176190366794,0.0962703861602646
POL,2018,2425686062.0,434385923.0,-1991300139.0,0.1790775524520452,261815268525.0,0.0016591313617697653,0.023305324133350562,0.07119108716430605
POL,2019,2277444552.0,178117842.0,-2099326710.0,0.0782095185779961,251864773270.0,0.0007071963247875755,0.023033269703419904,0.030703253766987904
POL,2020,3238010894.0,220469133.0,-3017541761.0,0.06808782929314011,254169031902.0,0.000867411467676386,0.026299892363684338,0.032981559607982776
POL,2021,3793596206.0,287079627.0,-3506516579.0,0.0756747981100232,317832124942.0,0.0009032429527140722,0.02704075987460752,0.033403016664567096
POL,2022,3791829063.0,422368742.0,-3369460321.0,0.11138918315738433,365750693518.0,0.0011547995656205465,0.02482554141190264,0.04651659137902532
POL,2023,3841597350.0,432670436.0,-3408926914.0,0.11262774220728781,381932840227.0,0.001132844286819757,0.021799690996405954,0.0519660708496522
PRT,2010,368211770.0,31189543.0,-337022227.0,0.08470544817184958,49414051268.0,0.0006311877330365342,0.016962810147262048,0.03721009240549766
PRT,2011,392051905.0,121090676.0,-270961229.0,0.3088638888261492,59588301885.0,0.002032121610608975,0.014771518568333863,0.1375702573305695
PRT,2012,342446517.0,105432434.0,-237014083.0,0.30788000101049356,58140499722.0,0.0018134077709019937,0.016276767122562152,0.11141080764056187
PRT,2013,385991626.0,196001732.0,-189989894.0,0.5077875238671629,62794139450.0,0.003121337973841761,0.018742440293843896,0.1665385043198985
PRT,2014,367795205.0,105907624.0,-261887581.0,0.2879527045492613,63834385666.0,0.001659099917623385,0.01661640673093484,0.09984709356774658
PRT,2015,332279876.654,78032538.215,-254247338.43899998,0.2348397952977892,55045025717.804,0.0014176128941249784,0.018789389449970613,0.07544752307676478
PRT,2016,611599700.821,246603746.424,-364995954.39699996,0.40321103181208845,55371549249.577,0.004453618325044135,0.019028019295712,0.234055802436976
PRT,2017,759127088.403,322831737.976,-436295350.427,0.42526705067942117,62116840516.277,0.0051971693230502556,0.021718176190366794,0.23930044942519096
PRT,2018,963963202.99,357022004.427,-606941198.563,0.3703689137921416,74135905807.867,0.004815777193742931,0.023305324133350562,0.20663849883346702
PRT,2019,995590225.227,345326036.057,-650264189.1700001,0.3468555910924736,67064074174.946,0.005149195605924102,0.023033269703419904,0.2235546959778605
PRT,2020,1077167623.548,412558122.693,-664609500.855,0.3830027134812188,61400262160.668,0.006719158977097625,0.026299892363684338,0.2554823755239256
PRT,2021,1345208374.144,379695903.511,-965512470.6330001,0.28225805816337773,75242766894.064,0.005046277791001259,0.02704075987460752,0.18661745507159136
PRT,2022,1642853367.196,483043517.004,-1159809850.1920002,0.29402716435274573,83016781174.499,0.005818624983648255,0.02482554141190264,0.23438058760154604
PRT,2023,1379410139.331,449240356.699,-930169782.6320001,0.32567569563964277,83624882357.911,0.005372089550766362,0.021799690996405954,0.2464296191928611
SVK,2010,777482785.106,198461131.451,-579021653.655,0.2552611263591416,65289364866.118,0.003039716067968547,0.016962810147262048,0.17919884981199208
SVK,2011,692564327.511,137467045.447,-555097282.064,0.19848993080692076,78998576809.608,0.0017401205312635572,0.014771518568333863,0.11780241301621516
SVK,2012,597349841.343,127848644.186,-469501197.15700006,0.21402641356455795,79913380317.268,0.001599840273035903,0.016276767122562152,0.09828980540111516
SVK,2013,630647485.006,124804284.392,-505843200.614,0.1978986475951975,85173871823.805,0.0014652883768179108,0.018742440293843896,0.07818023447561395
SVK,2014,653747838.726,100637018.259,-553110820.467,0.15393858655826345,85774098879.736,0.0011732798079301693,0.01661640673093484,0.07060971887176239
SVK,2015,568114415.193,108256842.132,-459857573.061,0.19055464750920456,75010058852.796,0.001443230998451146,0.018789389449970613,0.07681095771067767
SVK,2016,667436668.349,195786101.447,-471650566.90199995,0.29334034333370523,76990001036.061,0.0025430068685840987,0.019028019295712,0.1336453799559248
SVK,2017,707022688.388,157041646.246,-549981042.142,0.22211684126297607,83428380735.987,0.001882352802015487,0.021718176190366794,0.08667177140087913
SVK,2018,717331551.026,136511996.116,-580819554.9100001,0.19030530013735875,93432670639.504,0.0014610734680025484,0.023305324133350562,0.06269269029010036
SVK,2019,568949949.719,108483076.39,-460466873.329,0.19067244217804916,89920373305.213,0.0012064348979266399,0.023033269703419904,0.052377926080877366
SVK,2020,464327720.118,122799075.232,-341528644.886,0.2644663885257442,87017178740.362,0.0014112049713586145,0.026299892363684338,0.05365820330532028
SVK,2021,644080099.336,131148352.061,-512931747.275,0.2036211834462895,104733320881.922,0.0012522122945844401,0.02704075987460752,0.046308324928410145
SVK,2022,771922427.069,94445062.067,-677477365.002,0.12235045744895533,108238390513.634,0.0008725652850048933,0.02482554141190264,0.0351478854187865
SVK,2023,731436715.853,167031171.537,-564405544.316,0.22836038705304612,117250176700.994,0.0014245707446817347,0.021799690996405954,0.06534820814279428
SVN,2010,47475158.0,10186271.0,-37288887.0,0.21456002315990186,24434752222.0,0.00041687637785124416,0.016962810147262048,0.024575903062767687
SVN,2011,55659682.0,8743077.0,-46916605.0,0.1570809729024323,28984136412.0,0.00030165042269053756,0.014771518568333863,0.020421084081171884
SVN,2012,44293442.0,8453966.0,-35839476.0,0.19086270152588278,27080021571.0,0.000312184610999474,0.016276767122562152,0.01917976761900938
SVN,2013,52069037.0,11037162.0,-41031875.0,0.2119716944256142,28628740459.0,0.0003855273345261773,0.018742440293843896,0.02056975124273475
SVN,2014,54346652.0,16324860.0,-38021792.0,0.3003839132537548,30522102229.0,0.0005348537226406785,0.01661640673093484,0.032188290242374656
SVN,2015,52700404.0,14323734.0,-38376670.0,0.27179552551437747,26586979271.0,0.0005387499592939371,0.018789389449970613,0.02867309556430423
SVN,2016,61642254.61,14022913.33,-47619341.28,0.22748865074323732,27657727689.77,0.0005070161036832674,0.019028019295712,0.02664576358704473
SVN,2017,70466818.83,18465496.31,-52001322.519999996,0.2620452663621398,31893789564.46,0.000578968399872323,0.021718176190366794,0.026658242146922417
SVN,2018,74922745.79,23843529.42,-51079216.370000005,0.31824153224216745,36471278939.42,0.0006537618124005164,0.023305324133350562,0.028052036893362286
SVN,2019,71235710.43,26015463.27,-45220247.16000001,0.36520255238507343,37574594379.51,0.0006923684393566369,0.023033269703419904,0.030059494299840384
SVN,2020,67866375.4,22788505.38,-45077870.02000001,0.3357849191987347,37471094173.243,0.0006081622616793666,0.026299892363684338,0.023124135006694357
SVN,2021,137168796.114,32879318.15,-104289477.96399999,0.23969969177737943,46692128069.11,0.0007041726198757664,0.02704075987460752,0.026041155024530797
SVN,2022,184288351.731,41157619.781,-143130731.95,0.22333272501713242,55306018472.303,0.0007441797641175625,0.02482554141190264,0.029976376014130533
SVN,2023,129215348.614,41557115.856,-87658232.75799999,0.3216112969686129,59506954977.681,0.0006983572906996608,0.021799690996405954,0.03203519218757719
SWE,2010,3442333514.0,817694875.0,-2624638639.0,0.2375408633923552,158410621989.0,0.005161868975281093,0.016962810147262048,0.30430506092260107
SWE,2011,2965217302.0,1296630110.0,-1668587192.0,0.4372799622899273,186898110097.0,0.006937630933384237,0.014771518568333863,0.46966267559360075
SWE,2012,1465062766.134,911922773.439,-553139992.695,0.6224462149463924,172437657005.592,0.005288420112373872,0.016276767122562152,0.3249060499884705
SWE,2013,553216153.085,213169313.989,-340046839.0960001,0.38532734953646075,167493221530.984,0.001272704125220772,0.018742440293843896,0.06790493154932455
SWE,2014,524277358.328,172533630.743,-351743727.58500004,0.32908846434497174,164677597202.065,0.0010477055390314895,0.01661640673093484,0.0630524731367445
SWE,2015,562099271.206,179515428.9,-382583842.306,0.3193660588010451,140006470767.691,0.001282193800869855,0.018789389449970613,0.06824031213381766
SWE,2016,565347716.677,176834474.082,-388513242.595,0.3127888711064359,139390774149.229,0.00126862394703888,0.019028019295712,0.0666713611818108
SWE,2017,518183082.979,182351569.755,-335831513.224,0.35190567917939924,153158564964.648,0.001190606413667367,0.021718176190366794,0.05482073647581266
SWE,2018,520435982.578,166960117.817,-353475864.76100004,0.32080817508035575,165966633517.936,0.0010059860483881938,0.023305324133350562,0.04316550341166892
SWE,2019,531791027.896,184766289.293,-347024738.60300004,0.3474415317310203,160531242220.729,0.001150967791297273,0.023033269703419904,0.04996979613043741
SWE,2020,498302327.332,219763547.66,-278538779.67200005,0.4410245258870321,154935587125.87,0.0014184187876828042,0.026299892363684338,0.053932494021967876
SWE,2021,836580425.589,386691671.947,-449888753.64199996,0.4622289263757841,189635063199.877,0.0020391359352116417,0.02704075987460752,0.07540971276944333
SWE,2022,1250635489.744,505441450.683,-745194039.0609999,0.4041476951741245,197527811301.403,0.0025588368916403315,0.02482554141190264,0.10307275274220178
SWE,2023,1377736300.106,354045026.523,-1023691273.583,0.25697590061012443,197533884155.232,0.0017923255447393205,0.021799690996405954,0.08221793350349854
TUR,2010,470671280.0,18009418.0,-452661862.0,0.03826326093234327,113883219184.0,0.00015813934773746042,0.016962810147262048,0.00932270928959171
TUR,2011,552482479.0,17492606.0,-534989873.0,0.03166182940617742,134906868830.0,0.00012966430954707676,0.014771518568333863,0.008777994553995411
TUR,2012,521695607.0,20076086.0,-501619521.0,0.03848237502985146,152461736556.0,0.0001316795049925589,0.016276767122562152,0.00809002819792331
TUR,2013,504546533.0,20691626.0,-483854907.0,0.041010342251227,161480914702.0,0.00012813666579846123,0.018742440293843896,0.006836711964372576
TUR,2014,539318074.0,17561102.0,-521756972.0,0.03256167899168163,166504861795.0,0.00010546900439232307,0.01661640673093484,0.006347281099948699
TUR,2015,468485321.0,21724548.0,-446760773.0,0.04637188621754063,150982113766.0,0.00014388822263854275,0.018789389449970613,0.007657950942028496
TUR,2016,475286148.0,28105190.0,-447180958.0,0.05913319821809745,149246999263.0,0.0001883132668582074,0.019028019295712,0.009896630013437296
TUR,2017,601938551.0,34314859.0,-567623692.0,0.05700724591072088,164494619316.0,0.00020860778998539725,0.021718176190366794,0.009605216762074445
TUR,2018,538407680.0,27430298.0,-510977382.0,0.050947077872291864,177168756288.0,0.00015482582016554974,0.023305324133350562,0.006643366952532092
TUR,2019,494181035.0,18703278.0,-475477757.0,0.03784701693378419,180832721702.0,0.00010342861526367848,0.023033269703419904,0.004490400911179438
TUR,2020,527475777.0,16852523.0,-510623254.0,0.03194937802802649,169657939777.0,9.933235675354254e-05,0.026299892363684338,0.0037769111515719954
TUR,2021,755203751.0,27966298.0,-727237453.0,0.03703146066603687,225214458038.0,0.00012417629953082897,0.02704075987460752,0.004592189720505453
TUR,2022,908280165.0,41648058.0,-866632107.0,0.0458537570288128,254169747663.0,0.00016385922550948338,0.02482554141190264,0.006600429081918062
TUR,2023,1025666427.0,33969993.0,-991696434.0,0.033119922916225085,255627429011.0,0.0001328886854256091,0.021799690996405954,0.006095897664215425
USA,2010,21849352954.0,37684147374.0,15834794420.0,1.7247260114904728,1278099187391.0,0.02948452494592781,0.016962810147262048,1.7381863435338207
USA,2011,27577936766.0,35781737127.0,8203800361.0,1.2974769443635181,1481682201761.0,0.02414940065047208,0.014771518568333863,1.6348624238432639
USA,2012,27549636320.0,34385747732.0,6836111412.0,1.2481379911007116,1544932014357.0,0.02225712679422423,0.016276767122562152,1.3674169217161287
USA,2013,29441247590.0,34544513963.0,5103266373.0,1.173337300241766,1577587252487.0,0.021897054447252935,0.018742440293843896,1.1683139497285846
USA,2014,29718167622.0,34475973514.0,4757805892.0,1.1600975521949022,1619742863865.0,0.021284843590379573,0.01661640673093484,1.280953453718335
USA,2015,28828596724.0,33477720332.0,4649123608.0,1.1612677735413175,1501845863839.0,0.022291049393327662,0.018789389449970613,1.1863636896068768
USA,2016,30743514615.0,34772139022.0,4028624407.0,1.1310398130288721,1450906272956.0,0.02396580652391631,0.019028019295712,1.2595008524779585
USA,2017,33455738782.0,37990061851.0,4534323069.0,1.135531996425067,1545809598154.0,0.024576158600883052,0.021718176190366794,1.1315940337469004
USA,2018,34796159683.0,37691624085.0,2895464402.0,1.083212182849437,1665302936591.0,0.02263349403692134,0.023305324133350562,0.9711726774283387
USA,2019,33085045987.0,40099507189.0,7014461202.0,1.2120130407180383,1644276220783.0,0.024387330232085166,0.023033269703419904,1.0587871607505301
USA,2020,31910037043.0,44212664301.0,12302627258.0,1.3855409895457576,1430253623489.0,0.03091246445728025,0.026299892363684338,1.175383687119765
USA,2021,41251253003.0,52816874085.0,11565621082.0,1.2803701764200688,1753136708106.0,0.030127071004097946,0.02704075987460752,1.114135517781385
USA,2022,43684949147.0,51623041691.0,7938092544.0,1.1817122990641078,2062089832731.0,0.025034332099213758,0.02482554141190264,1.0084103175776467
USA,2023,36062821301.0,43556975377.0,7494154076.0,1.2078083135384694,2018542583771.0,0.021578427786065207,0.021799690996405954,0.9898501675836953
