list_year,iso,Name,rmax,arch
2011,Japan,,10510000.0,No_accelerator
2011,CHN,Tianhe-1A,2566000.0,No_accelerator
2011,USA,Jaguar,1759000.0,No_accelerator
2011,CHN,Nebulae,1271000.0,No_accelerator
2011,Japan,TSUBAME 2.0,1192000.0,No_accelerator
2011,USA,Cielo,1110000.0,No_accelerator
2011,USA,Pleiades,1088000.0,No_accelerator
2011,USA,Hopper,1054000.0,No_accelerator
2011,France,Tera-100,1050000.0,No_accelerator
2011,USA,Roadrunner,1042000.0,No_accelerator
2013,CHN,Tianhe-2 (MilkyWay-2),33862700.0,Other_accel
2013,USA,Titan,17590000.0,Other_accel
2013,USA,Sequoia,17173224.0,Other_accel
2013,Japan,,10510000.0,Other_accel
2013,USA,Mira,8586612.0,Other_accel
2013,Switzerland,Piz Daint,6271000.0,Other_accel
2013,USA,Stampede,5168110.0,Other_accel
2013,Germany,JUQUEEN,5008857.0,Other_accel
2013,USA,Vulcan,4293306.0,Other_accel
2013,Germany,SuperMUC,2897000.0,Other_accel
2013,Japan,TSUBAME 2.5,2843000.0,Other_accel
2013,CHN,Tianhe-1A,2566000.0,Other_accel
2013,USA,cascade,2345780.0,Other_accel
2013,France,Pangea,2098090.0,Other_accel
2013,Italy,Fermi,1788878.0,Other_accel
2013,USA,Pleiades,1541290.0,Other_accel
2013,USA,,1515000.0,Other_accel
2013,USA,Spirit,1415470.0,Other_accel
2013,United Kingdom,ARCHER,1367550.0,Other_accel
2013,France,Curie thin nodes,1359000.0,Other_accel
2013,CHN,Nebulae,1271000.0,Other_accel
2013,USA,Yellowstone,1257615.0,Other_accel
2013,United Kingdom,Blue Joule,1252214.0,Other_accel
2013,Japan,Helios,1237000.0,Other_accel
2013,USA,Garnet,1167000.0,Other_accel
2013,USA,Cielo,1110000.0,Other_accel
2013,United Kingdom,DiRAC,1073327.0,Other_accel
2013,USA,Hopper,1054000.0,Other_accel
2013,France,Tera-100,1050000.0,Other_accel
2013,Japan,Oakleaf-FX,1043000.0,Other_accel
2013,Germany,,1033110.0,Other_accel
2014,CHN,Tianhe-2 (MilkyWay-2),33862700.0,Other_accel
2014,USA,Titan,17590000.0,Other_accel
2014,USA,Sequoia,17173224.0,Other_accel
2014,Japan,,10510000.0,Other_accel
2014,USA,Mira,8586612.0,Other_accel
2014,Switzerland,Piz Daint,6271000.0,Other_accel
2014,USA,Stampede,5168110.0,Other_accel
2014,Germany,JUQUEEN,5008857.0,Other_accel
2014,USA,Vulcan,4293306.0,Other_accel
2014,USA,,3577000.0,Other_accel
2014,USA,Pleiades,3375600.0,Other_accel
2014,Italy,HPC2,3188000.0,Other_accel
2014,USA,,3143520.0,Other_accel
2014,Germany,SuperMUC,2897000.0,Other_accel
2014,Japan,TSUBAME 2.5,2785000.0,Other_accel
2014,Germany,Hornet,2763000.0,Other_accel
2014,CHN,Tianhe-1A,2566000.0,Other_accel
2014,USA,cascade,2539130.0,Other_accel
2014,USA,Excalibur,2485000.0,Other_accel
2014,France,Pangea,2098090.0,Other_accel
2014,CHN,Tianhe-2 LvLiang Solution,2071390.0,Other_accel
2014,Russia,,1849000.0,Other_accel
2014,Italy,Fermi,1788878.0,Other_accel
2014,USA,Edison,1654702.0,Other_accel
2014,United Kingdom,ARCHER,1642536.0,Other_accel
2014,France,Occigen,1628770.0,Other_accel
2014,USA,,1587000.0,Other_accel
2014,United Kingdom,,1552000.0,Other_accel
2014,United Kingdom,,1552000.0,Other_accel
2014,United Kingdom,Blue Joule,1431102.0,Other_accel
2014,USA,Spirit,1415470.0,Other_accel
2014,Sweden,Beskow,1397000.0,Other_accel
2014,France,Curie thin nodes,1359000.0,Other_accel
2014,Germany,,1283311.9,Other_accel
2014,CHN,Nebulae,1271000.0,Other_accel
2014,USA,Yellowstone,1257615.0,Other_accel
2014,Finland,Sisu,1250000.0,Other_accel
2014,Japan,Helios,1237000.0,Other_accel
2014,USA,Garnet,1167000.0,Other_accel
2014,USA,Cielo,1110000.0,Other_accel
2014,Australia,Magnus,1097558.0,Other_accel
2014,France,Turing,1073327.0,Other_accel
2014,United Kingdom,DiRAC,1073327.0,Other_accel
2014,USA,Hopper,1054000.0,Other_accel
2014,Netherlands,Cartesius,1052510.0,Other_accel
2014,USA,QB-2,1052000.0,Other_accel
2014,France,Tera-100,1050000.0,Other_accel
2014,Japan,Oakleaf-FX,1043000.0,Other_accel
2014,Japan,QUARTETTO,1018000.0,Other_accel
2014,USA,Discover SCU10,1000520.0,Other_accel
2015,CHN,Tianhe-2 (MilkyWay-2),33862700.0,Other_accel
2015,USA,Titan,17590000.0,Other_accel
2015,USA,Sequoia,17173224.0,Other_accel
2015,Japan,,10510000.0,Other_accel
2015,USA,Mira,8586612.0,Other_accel
2015,USA,Trinity,8100900.0,Other_accel
2015,Switzerland,Piz Daint,6271000.0,Other_accel
2015,Germany,Hazel Hen,5640170.0,Other_accel
2015,Saudi Arabia,Shaheen II,5536990.0,Other_accel
2015,USA,Stampede,5168110.0,Other_accel
2015,Germany,JUQUEEN,5008857.0,Other_accel
2015,USA,Vulcan,4293306.0,Other_accel
2015,USA,Pleiades,4089430.0,Other_accel
2015,USA,Abel,4042460.0,Other_accel
2015,USA,,3577000.0,Other_accel
2015,USA,,3577000.0,Other_accel
2015,USA,Topaz,3318950.0,Other_accel
2015,Italy,HPC2,3188000.0,Other_accel
2015,USA,,3143520.0,Other_accel
2015,USA,Thunder,3126240.0,Other_accel
2015,Japan,,2910000.0,Other_accel
2015,Germany,SuperMUC,2897000.0,Other_accel
2015,Germany,SuperMUC Phase 2,2813620.0,Other_accel
2015,Japan,TSUBAME 2.5,2785000.0,Other_accel
2015,CHN,Tianhe-1A,2566000.0,Other_accel
2015,USA,cascade,2539130.0,Other_accel
2015,USA,Excalibur,2485000.0,Other_accel
2015,"Korea, South",Miri,2395680.0,Other_accel
2015,"Korea, South",Nuri,2395680.0,Other_accel
2015,Japan,Plasma Simulator,2376000.0,Other_accel
2015,Saudi Arabia,Makman-2,2249680.0,Other_accel
2015,France,Pangea,2098090.0,Other_accel
2015,CHN,Tianhe-2 LvLiang Solution,2071390.0,Other_accel
2015,Japan,,1929370.0,Other_accel
2015,Russia,Lomonosov 2,1849000.0,Other_accel
2015,Italy,Fermi,1788878.0,Other_accel
2015,USA,SwiftLucy,1703280.0,Other_accel
2015,Poland,Prometheus,1670090.0,Other_accel
2015,USA,Edison,1654702.0,Other_accel
2015,United Kingdom,ARCHER,1642536.0,Other_accel
2015,USA,Luna,1635020.0,Other_accel
2015,USA,Surge,1635020.0,Other_accel
2015,France,Occigen,1628770.0,Other_accel
2015,USA,,1587000.0,Other_accel
2015,United Kingdom,,1552000.0,Other_accel
2015,United Kingdom,,1552000.0,Other_accel
2015,Czech Republic,Salomon,1457730.0,Other_accel
2015,United Kingdom,Blue Joule,1431102.0,Other_accel
2015,Germany,JURECA,1424720.0,Other_accel
2015,USA,Spirit,1415470.0,Other_accel
2015,Sweden,Beskow,1397000.0,Other_accel
2015,France,Curie thin nodes,1359000.0,Other_accel
2015,USA,Conrad,1285600.0,Other_accel
2015,USA,Gordon,1285600.0,Other_accel
2015,Germany,,1283311.9,Other_accel
2015,CHN,Nebulae,1271000.0,Other_accel
2015,USA,Yellowstone,1257615.0,Other_accel
2015,Finland,Sisu,1250000.0,Other_accel
2015,Japan,Helios,1237000.0,Other_accel
2015,Japan,SORA-MA,1189000.0,Other_accel
2015,Japan,Sekirei,1178300.0,Other_accel
2015,USA,Garnet,1167000.0,Other_accel
2015,Germany,Mistral,1139240.0,Other_accel
2015,USA,Cielo,1110000.0,Other_accel
2015,CHN,,1101600.0,Other_accel
2015,CHN,,1101600.0,Other_accel
2015,Australia,Magnus,1097558.0,Other_accel
2015,Netherlands,Cartesius 2,1088510.0,Other_accel
2015,France,Turing,1073327.0,Other_accel
2015,United Kingdom,DiRAC,1073327.0,Other_accel
2015,USA,Hopper,1054000.0,Other_accel
2015,USA,QB-2,1052000.0,Other_accel
2015,France,Tera-100,1050000.0,Other_accel
2015,Japan,Oakleaf-FX,1043000.0,Other_accel
2015,CHN,,1038400.0,Other_accel
2015,Germany,Taurus,1029940.0,Other_accel
2015,Japan,QUARTETTO,1018000.0,Other_accel
2015,USA,Lonestar 5,1017040.0,Other_accel
2015,Poland,HETMAN,1013721.0,Other_accel
2015,CHN,,1013472.0,Other_accel
2015,USA,Discover SCU10,1000520.0,Other_accel
