country_iso3,year_span,indicator,value,unit,source,page_or_figure,notes
USA,2005-2024,quantum_ipf_count,3330,international patent families,EPO-OECD Mapping the global quantum ecosystem (Dec 2025),Figure 3.3.1 Panel B text,IPFs only; China leads national-only families but not IPFs
CHN,2005-2024,quantum_ipf_count,947,international patent families,EPO-OECD Mapping the global quantum ecosystem (Dec 2025),Figure 3.3.1 Panel B text,Fourth among countries after USA EPC Japan; national-only families >16000
JPN,2005-2024,quantum_ipf_count,1519,international patent families,EPO-OECD Mapping the global quantum ecosystem (Dec 2025),Figure 3.3.1 Panel B text,Comparator
USA,2015-2019,quantum_ipf_world_share,41,percent of quantum IPFs,EPO-OECD Mapping the global quantum ecosystem (Dec 2025),Figure E4 / executive summary,Share declined later
USA,2020-2024,quantum_ipf_world_share,31,percent of quantum IPFs,EPO-OECD Mapping the global quantum ecosystem (Dec 2025),Figure E4 / executive summary,Still largest national share in period
WORLD,2005-2024,quantum_ipf_count_total,9740,international patent families,EPO press release citing EPO-OECD study 17 Dec 2025,https://www.epo.org/en/news-events/press-centre/press-release/2025/1361562,Global total for context
USA,ever_recorded,quantum_funding_share_to_firms,60,percent of recorded quantum funding,EPO-OECD Mapping the global quantum ecosystem (Dec 2025),Figure E6 / exec summary,~60% funding to US-based companies; ~30% of IPFs/startups — NOT macro COM
CHN,2022,quantum_publications_fractional_count_label,2592,publications (figure label),EPO-OECD report Figure 8.2.7 bubble labels,Figure 8.2.7 p.123 area,Exploratory label from figure; EU/US/CN lead quantum pubs per text; not panel series
USA,2022,quantum_publications_fractional_count_label,1806,publications (figure label),EPO-OECD report Figure 8.2.7 bubble labels,Figure 8.2.7 p.123 area,Exploratory; pair with CN label; commercialisation not measured
