model,term,beta,se_hc1,p_hc1,ci_lo_hc1,ci_hi_hc1,se_cluster_country,p_cluster_Gminus1,ci_lo_cluster95_tGminus1,ci_hi_cluster95_tGminus1,N,K,df_resid,G,status,note
M1_TFP_FE_retained,gerd_lag1,0.02746,0.01427,0.059,-0.00051,0.05543,0.031,0.409,-0.04833,0.10325,84,20,64,7,RETAINED_AS_DESCRIPTIVE_ONLY,"HC1 CI includes 0; cluster-robust (G=7, t_6 crit 2.447) p=0.409 CI [-0.048,0.103]; AR(1) resid 0.32-0.90 so HC1 understates uncertainty; fragile: lag0 beta=0.0125 p=0.418, lag2 beta=0.0525 p=0.001; drop-CHN beta=0.0189, drop-KOR beta=0.0487; pooled OLS beta=-0.207 (sign flip); corr(gerd_lres)=0.71 multicollinear; USA TFP=1.0 constant contributes no within variation; DO NOT interpret causally"
M1_TFP_FE_retained,lres_logResearchers,0.05629,0.00429,0.0,0.04787,0.0647,0.00792,0.0,0.0369,0.07567,84,20,64,7,RETAINED_AS_DESCRIPTIVE_ONLY,HC1 t=13.1 inflated by serial correlation; cluster t=7.1 p<0.001 but G=7 too few for asymptotics; within/Mundlak r~0.32-0.51; jointly determined with TFP (richer places hire more researchers); magnitude: +10% researchers ~ +0.005 TFP units; descriptive only
M1_sensitivity_lag0_contemp,gerd_contemp,0.0125,0.0132,0.418,,,,,,,91,21,70,7,SENSITIVITY,Contemporaneous GERD insignificant; shows lag-1 choice (p=0.059) vs lag-2 (p=0.001) is fragile — lag not theoretically justified
M1_sensitivity_lag2,gerd_lag2,0.0525,0.0158,0.001,,,,,,,77,20,57,7,SENSITIVITY,Lag-2 doubles beta vs lag-1; lag structure mining risk; no HAC/dynamic specification
M1_sensitivity_dropUSA,gerd_lag1,0.0329,0.0154,0.038,,,,0.368,,,72,19,53,6,SENSITIVITY,Dropping USA (TFP-constant anchor) raises beta; result depends on including a zero-variance unit
M1_sensitivity_dropCHN,gerd_lag1,0.0189,0.0132,0.157,,,,0.507,,,71,19,52,6,SENSITIVITY,Dropping CHN halves beta and loses significance even on HC1; CHN leverage point
M1_sensitivity_dropKOR,gerd_lag1,0.0487,0.0199,0.017,,,,0.353,,,71,19,52,6,SENSITIVITY,Dropping high-GERD KOR nearly doubles beta; single-country sensitivity
M1_sensitivity_2011_2021,gerd_lag1,0.0353,0.0153,0.024,,,,0.301,,,66,17,49,7,SENSITIVITY,Balanced-window beta larger than baseline; window choice matters
M2_TFP_PC1,pc1_lag1,-0.11796,0.00686,0.0,,,,,,,91,20,71,7,EXCLUDED_DO_NOT_USE,"Wrong sign (more tech -> lower TFP), PCA loadings incoherent (articles -0.36), mixes intensities+counts+shares, n=91, uninterpretable; excluded from all interpretation and graphs (F10)"
