country_iso3,year,value,var
CHE,2000,1.654801204,berd_pct_gdp
CHE,2004,1.899303293,berd_pct_gdp
CHE,2008,1.924615963,berd_pct_gdp
CHE,2012,1.958869025,berd_pct_gdp
CHE,2015,2.054239341,berd_pct_gdp
CHE,2017,2.029165294,berd_pct_gdp
CHE,2019,2.116808027,berd_pct_gdp
CHE,2021,2.183586841,berd_pct_gdp
CHE,2023,2.152753547,berd_pct_gdp
CHL,2007,0.10815518,berd_pct_gdp
CHL,2008,0.151540742,berd_pct_gdp
CHL,2009,0.10381035,berd_pct_gdp
CHL,2010,0.098233934,berd_pct_gdp
CHL,2011,0.120135828,berd_pct_gdp
CHL,2012,0.124676113,berd_pct_gdp
CHL,2013,0.136607393,berd_pct_gdp
CHL,2014,0.125721769,berd_pct_gdp
CHL,2015,0.131365536,berd_pct_gdp
CHL,2016,0.139841772,berd_pct_gdp
CHL,2017,0.122030036,berd_pct_gdp
CHL,2018,0.123670314,berd_pct_gdp
CHL,2019,0.115014909,berd_pct_gdp
CHL,2020,0.119234257,berd_pct_gdp
CHL,2021,0.154445123,berd_pct_gdp
CHL,2022,0.164775802,berd_pct_gdp
CHN,2000,0.530108994,berd_pct_gdp
CHN,2001,0.561737845,berd_pct_gdp
CHN,2002,0.638867782,berd_pct_gdp
CHN,2003,0.688950066,berd_pct_gdp
CHN,2004,0.800088901,berd_pct_gdp
CHN,2005,0.8813832,berd_pct_gdp
CHN,2006,0.959005681,berd_pct_gdp
CHN,2007,0.978169062,berd_pct_gdp
CHN,2008,1.042707986,berd_pct_gdp
CHN,2009,1.198404554,berd_pct_gdp
CHN,2010,1.236833437,berd_pct_gdp
CHN,2011,1.32726099,berd_pct_gdp
CHN,2012,1.432345054,berd_pct_gdp
CHN,2013,1.503468722,berd_pct_gdp
CHN,2014,1.534141207,berd_pct_gdp
CHN,2015,1.548921229,berd_pct_gdp
CHN,2016,1.595385055,berd_pct_gdp
CHN,2017,1.612049073,berd_pct_gdp
CHN,2018,1.627517088,berd_pct_gdp
CHN,2019,1.682299898,berd_pct_gdp
CHN,2020,1.804458282,berd_pct_gdp
CHN,2021,1.831967792,berd_pct_gdp
CHN,2022,1.935008317,berd_pct_gdp
CHN,2023,2.002840061,berd_pct_gdp
CHN,2024,2.091170674,berd_pct_gdp
COL,2000,0.034840216,berd_pct_gdp
COL,2001,0.035022883,berd_pct_gdp
COL,2002,0.03450992,berd_pct_gdp
COL,2003,0.035873809,berd_pct_gdp
COL,2004,0.036004386,berd_pct_gdp
COL,2005,0.031166023,berd_pct_gdp
COL,2006,0.027601406,berd_pct_gdp
COL,2007,0.041404184,berd_pct_gdp
COL,2008,0.058319412,berd_pct_gdp
COL,2009,0.041549998,berd_pct_gdp
COL,2010,0.045139875,berd_pct_gdp
COL,2011,0.049412613,berd_pct_gdp
COL,2012,0.069100477,berd_pct_gdp
COL,2013,0.065001881,berd_pct_gdp
COL,2014,0.131376209,berd_pct_gdp
COL,2015,0.174716109,berd_pct_gdp
COL,2016,0.107708979,berd_pct_gdp
COL,2017,0.091621402,berd_pct_gdp
COL,2018,0.131534146,berd_pct_gdp
COL,2019,0.153067695,berd_pct_gdp
COL,2020,0.149447785,berd_pct_gdp
CRI,2014,0.16686399,berd_pct_gdp
CRI,2015,0.152795327,berd_pct_gdp
CRI,2016,0.140543076,berd_pct_gdp
CRI,2017,0.129105134,berd_pct_gdp
CRI,2018,0.111408323,berd_pct_gdp
CRI,2020,0.099136972,berd_pct_gdp
CRI,2021,0.086763901,berd_pct_gdp
CRI,2022,0.100463243,berd_pct_gdp
CRI,2023,0.104751878,berd_pct_gdp
CRI,2024,0.084820885,berd_pct_gdp
CZE,2000,0.661828562,berd_pct_gdp
CZE,2001,0.657974652,berd_pct_gdp
CZE,2002,0.667462634,berd_pct_gdp
CZE,2003,0.694195148,berd_pct_gdp
CZE,2004,0.709273668,berd_pct_gdp
CZE,2005,0.674647893,berd_pct_gdp
CZE,2006,0.71879232,berd_pct_gdp
CZE,2007,0.747569213,berd_pct_gdp
CZE,2008,0.711527926,berd_pct_gdp
CZE,2009,0.712849972,berd_pct_gdp
CZE,2010,0.744201113,berd_pct_gdp
CZE,2011,0.833823227,berd_pct_gdp
CZE,2012,0.928227508,berd_pct_gdp
CZE,2013,0.995744646,berd_pct_gdp
CZE,2014,1.073106564,berd_pct_gdp
CZE,2015,1.035026666,berd_pct_gdp
CZE,2016,1.011355748,berd_pct_gdp
CZE,2017,1.096859499,berd_pct_gdp
CZE,2018,1.162458831,berd_pct_gdp
CZE,2019,1.168445814,berd_pct_gdp
CZE,2020,1.185806017,berd_pct_gdp
CZE,2021,1.213663299,berd_pct_gdp
CZE,2022,1.214164183,berd_pct_gdp
CZE,2023,1.180255148,berd_pct_gdp
CZE,2024,1.17940812,berd_pct_gdp
DEU,2000,1.671628335,berd_pct_gdp
DEU,2001,1.654812278,berd_pct_gdp
DEU,2002,1.661899108,berd_pct_gdp
DEU,2003,1.697109527,berd_pct_gdp
DEU,2004,1.673019223,berd_pct_gdp
DEU,2005,1.661902731,berd_pct_gdp
DEU,2006,1.695999472,berd_pct_gdp
DEU,2007,1.692772459,berd_pct_gdp
DEU,2008,1.779374961,berd_pct_gdp
DEU,2009,1.815378693,berd_pct_gdp
DEU,2010,1.794429617,berd_pct_gdp
DEU,2011,1.859442064,berd_pct_gdp
DEU,2012,1.921569118,berd_pct_gdp
DEU,2013,1.868710056,berd_pct_gdp
DEU,2014,1.909769574,berd_pct_gdp
DEU,2015,1.974454411,berd_pct_gdp
DEU,2016,1.966255739,berd_pct_gdp
DEU,2017,2.063757272,berd_pct_gdp
DEU,2018,2.099611826,berd_pct_gdp
DEU,2019,2.143748869,berd_pct_gdp
DEU,2020,2.058468957,berd_pct_gdp
DEU,2021,2.057418826,berd_pct_gdp
DEU,2022,2.050674038,berd_pct_gdp
DEU,2023,2.142712985,berd_pct_gdp
DEU,2024,2.136974846,berd_pct_gdp
DNK,2001,1.593415003,berd_pct_gdp
DNK,2002,1.683623725,berd_pct_gdp
DNK,2003,1.73249867,berd_pct_gdp
DNK,2004,1.641970028,berd_pct_gdp
DNK,2005,1.629361974,berd_pct_gdp
DNK,2006,1.605608175,berd_pct_gdp
DNK,2007,1.753239754,berd_pct_gdp
DNK,2008,1.929689879,berd_pct_gdp
DNK,2009,2.122791796,berd_pct_gdp
DNK,2010,1.953372061,berd_pct_gdp
DNK,2011,1.962985629,berd_pct_gdp
DNK,2012,1.956984336,berd_pct_gdp
DNK,2013,1.875828695,berd_pct_gdp
DNK,2014,1.859098167,berd_pct_gdp
DNK,2015,1.944975123,berd_pct_gdp
DNK,2016,2.018443548,berd_pct_gdp
DNK,2017,1.861399199,berd_pct_gdp
DNK,2018,1.880374687,berd_pct_gdp
DNK,2019,1.804581437,berd_pct_gdp
DNK,2020,1.826448084,berd_pct_gdp
DNK,2021,1.71423949,berd_pct_gdp
DNK,2022,1.767397958,berd_pct_gdp
DNK,2023,1.908162253,berd_pct_gdp
DNK,2024,1.8858179,berd_pct_gdp
ESP,2000,0.473926022,berd_pct_gdp
ESP,2001,0.465224878,berd_pct_gdp
ESP,2002,0.52369062,berd_pct_gdp
ESP,2003,0.553573204,berd_pct_gdp
ESP,2004,0.565650729,berd_pct_gdp
ESP,2005,0.590981951,berd_pct_gdp
ESP,2006,0.65250603,berd_pct_gdp
ESP,2007,0.691751107,berd_pct_gdp
ESP,2008,0.725754114,berd_pct_gdp
ESP,2009,0.70528113,berd_pct_gdp
ESP,2010,0.696883242,berd_pct_gdp
ESP,2011,0.692096773,berd_pct_gdp
ESP,2012,0.684799906,berd_pct_gdp
ESP,2013,0.673366395,berd_pct_gdp
ESP,2014,0.65299751,berd_pct_gdp
ESP,2015,0.636548948,berd_pct_gdp
ESP,2016,0.634568959,berd_pct_gdp
ESP,2017,0.660606056,berd_pct_gdp
ESP,2018,0.696623541,berd_pct_gdp
ESP,2019,0.697210679,berd_pct_gdp
ESP,2020,0.776380739,berd_pct_gdp
ESP,2021,0.784812158,berd_pct_gdp
ESP,2022,0.792355634,berd_pct_gdp
ESP,2023,0.842306528,berd_pct_gdp
ESP,2024,0.836866834,berd_pct_gdp
EST,2000,0.135037868,berd_pct_gdp
EST,2001,0.234972767,berd_pct_gdp
EST,2002,0.218242344,berd_pct_gdp
EST,2003,0.259030135,berd_pct_gdp
EST,2004,0.32950332,berd_pct_gdp
EST,2005,0.413367779,berd_pct_gdp
EST,2006,0.49438948,berd_pct_gdp
EST,2007,0.499185371,berd_pct_gdp
EST,2008,0.540823291,berd_pct_gdp
EST,2009,0.624138234,berd_pct_gdp
EST,2010,0.792057095,berd_pct_gdp
EST,2011,1.450524303,berd_pct_gdp
EST,2012,1.210827865,berd_pct_gdp
EST,2013,0.811971624,berd_pct_gdp
EST,2014,0.612940058,berd_pct_gdp
EST,2015,0.663703607,berd_pct_gdp
EST,2016,0.62738409,berd_pct_gdp
EST,2017,0.590637012,berd_pct_gdp
EST,2018,0.58566168,berd_pct_gdp
EST,2019,0.84819986,berd_pct_gdp
EST,2020,0.948660264,berd_pct_gdp
EST,2021,0.97812793,berd_pct_gdp
EST,2022,0.993712906,berd_pct_gdp
EST,2023,1.057557187,berd_pct_gdp
EST,2024,1.185079979,berd_pct_gdp
FIN,2000,2.29931176,berd_pct_gdp
FIN,2001,2.270889328,berd_pct_gdp
FIN,2002,2.273719243,berd_pct_gdp
FIN,2003,2.325379332,berd_pct_gdp
FIN,2004,2.32042652,berd_pct_gdp
FIN,2005,2.354402245,berd_pct_gdp
FIN,2006,2.376352734,berd_pct_gdp
FIN,2007,2.41279778,berd_pct_gdp
FIN,2008,2.626464199,berd_pct_gdp
FIN,2009,2.667160426,berd_pct_gdp
FIN,2010,2.580143717,berd_pct_gdp
FIN,2011,2.553655561,berd_pct_gdp
FIN,2012,2.343070197,berd_pct_gdp
FIN,2013,2.261654963,berd_pct_gdp
FIN,2014,2.142041728,berd_pct_gdp
FIN,2015,1.925525234,berd_pct_gdp
FIN,2016,1.808712341,berd_pct_gdp
FIN,2017,1.792698014,berd_pct_gdp
FIN,2018,1.822686014,berd_pct_gdp
FIN,2019,1.848036626,berd_pct_gdp
FIN,2020,1.964701951,berd_pct_gdp
FIN,2021,2.071338699,berd_pct_gdp
FIN,2022,2.027893362,berd_pct_gdp
FIN,2023,2.088995806,berd_pct_gdp
FIN,2024,2.188026508,berd_pct_gdp
FRA,2000,1.31307722,berd_pct_gdp
FRA,2001,1.358247517,berd_pct_gdp
FRA,2002,1.383656426,berd_pct_gdp
FRA,2003,1.334279202,berd_pct_gdp
FRA,2004,1.327945321,berd_pct_gdp
FRA,2005,1.277101006,berd_pct_gdp
FRA,2006,1.295249219,berd_pct_gdp
FRA,2007,1.277311431,berd_pct_gdp
FRA,2008,1.294533351,berd_pct_gdp
FRA,2009,1.365088544,berd_pct_gdp
FRA,2010,1.375427698,berd_pct_gdp
FRA,2011,1.39906022,berd_pct_gdp
FRA,2012,1.43856684,berd_pct_gdp
FRA,2013,1.442669493,berd_pct_gdp
FRA,2014,1.445521154,berd_pct_gdp
FRA,2015,1.438379122,berd_pct_gdp
FRA,2016,1.448397791,berd_pct_gdp
FRA,2017,1.440825106,berd_pct_gdp
FRA,2018,1.444490844,berd_pct_gdp
FRA,2019,1.44808328,berd_pct_gdp
FRA,2020,1.493562394,berd_pct_gdp
FRA,2021,1.454395572,berd_pct_gdp
FRA,2022,1.46815852,berd_pct_gdp
FRA,2023,1.437428863,berd_pct_gdp
FRA,2024,1.43860257,berd_pct_gdp
GBR,2000,1.041821172,berd_pct_gdp
GBR,2001,1.041074554,berd_pct_gdp
GBR,2002,1.043748525,berd_pct_gdp
GBR,2003,1.00410138,berd_pct_gdp
GBR,2004,0.954524117,berd_pct_gdp
GBR,2005,0.948484553,berd_pct_gdp
GBR,2006,0.967850184,berd_pct_gdp
GBR,2007,1.007308228,berd_pct_gdp
GBR,2008,0.992128513,berd_pct_gdp
GBR,2009,1.001920604,berd_pct_gdp
GBR,2010,0.99436887,berd_pct_gdp
GBR,2011,1.042441518,berd_pct_gdp
GBR,2012,0.993588924,berd_pct_gdp
GBR,2013,1.031137931,berd_pct_gdp
GBR,2014,1.680954164,berd_pct_gdp
GBR,2015,1.719539672,berd_pct_gdp
GBR,2016,1.77657619,berd_pct_gdp
GBR,2017,1.780212109,berd_pct_gdp
GBR,2018,1.887722139,berd_pct_gdp
GBR,2019,1.872380392,berd_pct_gdp
GBR,2020,2.070625777,berd_pct_gdp
GBR,2021,2.020492093,berd_pct_gdp
GBR,2022,1.96986806,berd_pct_gdp
GBR,2023,1.932851385,berd_pct_gdp
GBR,2024,1.923935124,berd_pct_gdp
GRC,2000,0.146590984,berd_pct_gdp
GRC,2001,0.188620732,berd_pct_gdp
GRC,2002,0.180677105,berd_pct_gdp
GRC,2003,0.18006731,berd_pct_gdp
GRC,2004,0.168004904,berd_pct_gdp
GRC,2005,0.183472549,berd_pct_gdp
GRC,2006,0.17139614,berd_pct_gdp
GRC,2007,0.167273801,berd_pct_gdp
GRC,2008,0.209771987,berd_pct_gdp
GRC,2009,0.229525441,berd_pct_gdp
GRC,2010,0.238556653,berd_pct_gdp
GRC,2011,0.238782419,berd_pct_gdp
GRC,2012,0.246692879,berd_pct_gdp
GRC,2013,0.274369383,berd_pct_gdp
GRC,2014,0.286456932,berd_pct_gdp
GRC,2015,0.320244515,berd_pct_gdp
GRC,2016,0.424424021,berd_pct_gdp
GRC,2017,0.560406274,berd_pct_gdp
GRC,2018,0.581068121,berd_pct_gdp
GRC,2019,0.58207848,berd_pct_gdp
GRC,2020,0.686333597,berd_pct_gdp
GRC,2021,0.674629718,berd_pct_gdp
GRC,2022,0.727258458,berd_pct_gdp
GRC,2023,0.737892107,berd_pct_gdp
GRC,2024,0.84544866,berd_pct_gdp
IRL,2000,0.776254903,berd_pct_gdp
IRL,2001,0.737166099,berd_pct_gdp
IRL,2002,0.726628901,berd_pct_gdp
IRL,2003,0.759049236,berd_pct_gdp
IRL,2004,0.774350685,berd_pct_gdp
IRL,2005,0.780943727,berd_pct_gdp
IRL,2006,0.793007676,berd_pct_gdp
IRL,2007,0.813520533,berd_pct_gdp
IRL,2008,0.900615729,berd_pct_gdp
IRL,2009,1.102205734,berd_pct_gdp
IRL,2010,1.096289684,berd_pct_gdp
IRL,2011,1.074165633,berd_pct_gdp
IRL,2012,1.110673083,berd_pct_gdp
IRL,2013,1.105415336,berd_pct_gdp
IRL,2014,1.050276109,berd_pct_gdp
IRL,2015,0.820139639,berd_pct_gdp
IRL,2016,0.830925924,berd_pct_gdp
IRL,2017,0.898352745,berd_pct_gdp
IRL,2018,0.828842127,berd_pct_gdp
IRL,2019,0.895194897,berd_pct_gdp
IRL,2020,0.8883705,berd_pct_gdp
IRL,2021,0.864990242,berd_pct_gdp
IRL,2022,1.343331658,berd_pct_gdp
IRL,2023,1.334736227,berd_pct_gdp
IRL,2024,1.170865815,berd_pct_gdp
KOR,2000,1.517561089,berd_pct_gdp
KOR,2001,1.675063745,berd_pct_gdp
KOR,2002,1.595542146,berd_pct_gdp
KOR,2003,1.671407192,berd_pct_gdp
KOR,2004,1.805077542,berd_pct_gdp
KOR,2005,1.865424038,berd_pct_gdp
KOR,2006,2.020419194,berd_pct_gdp
KOR,2007,2.103483848,berd_pct_gdp
KOR,2008,2.161317918,berd_pct_gdp
KOR,2009,2.243745378,berd_pct_gdp
KOR,2010,2.377976513,berd_pct_gdp
KOR,2011,2.635919819,berd_pct_gdp
KOR,2012,2.872577227,berd_pct_gdp
KOR,2013,2.963828638,berd_pct_gdp
KOR,2014,3.042717576,berd_pct_gdp
KOR,2015,2.937564655,berd_pct_gdp
KOR,2016,2.943354519,berd_pct_gdp
KOR,2017,3.234533681,berd_pct_gdp
KOR,2018,3.429761182,berd_pct_gdp
KOR,2019,3.504207677,berd_pct_gdp
KOR,2020,3.575466399,berd_pct_gdp
KOR,2021,3.636849476,berd_pct_gdp
KOR,2022,3.848094159,berd_pct_gdp
KOR,2023,3.914864301,berd_pct_gdp
KOR,2024,4.173045975,berd_pct_gdp
LTU,2000,0.125621374,berd_pct_gdp
LTU,2001,0.193908909,berd_pct_gdp
LTU,2002,0.110657669,berd_pct_gdp
LTU,2003,0.139303748,berd_pct_gdp
LTU,2004,0.160210383,berd_pct_gdp
LTU,2005,0.152497077,berd_pct_gdp
LTU,2006,0.221803751,berd_pct_gdp
LTU,2007,0.228531563,berd_pct_gdp
LTU,2008,0.187332314,berd_pct_gdp
LTU,2009,0.202076434,berd_pct_gdp
LTU,2010,0.23336221,berd_pct_gdp
LTU,2011,0.238566141,berd_pct_gdp
LTU,2012,0.241696624,berd_pct_gdp
LTU,2013,0.242664835,berd_pct_gdp
LTU,2014,0.319515484,berd_pct_gdp
LTU,2015,0.285090721,berd_pct_gdp
LTU,2016,0.295100326,berd_pct_gdp
LTU,2017,0.329900603,berd_pct_gdp
LTU,2018,0.388087207,berd_pct_gdp
LTU,2019,0.426854738,berd_pct_gdp
LTU,2020,0.527999751,berd_pct_gdp
LTU,2021,0.540641955,berd_pct_gdp
LTU,2022,0.528317022,berd_pct_gdp
LTU,2023,0.433693648,berd_pct_gdp
LTU,2024,0.425232761,berd_pct_gdp
LUX,2000,1.466106872,berd_pct_gdp
LUX,2003,1.446585001,berd_pct_gdp
LUX,2004,1.394141703,berd_pct_gdp
LUX,2005,1.347379055,berd_pct_gdp
LUX,2006,1.419163939,berd_pct_gdp
LUX,2007,1.315023845,berd_pct_gdp
LUX,2008,1.204712104,berd_pct_gdp
LUX,2009,1.205354787,berd_pct_gdp
LUX,2010,0.943335822,berd_pct_gdp
LUX,2011,0.939005988,berd_pct_gdp
LUX,2012,0.667150437,berd_pct_gdp
LUX,2013,0.647526854,berd_pct_gdp
LUX,2014,0.640840925,berd_pct_gdp
LUX,2015,0.660296983,berd_pct_gdp
LUX,2016,0.70274609,berd_pct_gdp
LUX,2017,0.691092322,berd_pct_gdp
LUX,2018,0.623158404,berd_pct_gdp
LUX,2019,0.64215302,berd_pct_gdp
LUX,2020,0.547046747,berd_pct_gdp
LUX,2021,0.522400763,berd_pct_gdp
LUX,2022,0.520153505,berd_pct_gdp
LUX,2023,0.489774826,berd_pct_gdp
LUX,2024,0.448283296,berd_pct_gdp
LVA,2000,0.179506868,berd_pct_gdp
LVA,2001,0.149525673,berd_pct_gdp
LVA,2002,0.172623582,berd_pct_gdp
LVA,2003,0.129170905,berd_pct_gdp
LVA,2004,0.185006514,berd_pct_gdp
LVA,2005,0.223856704,berd_pct_gdp
LVA,2006,0.344042737,berd_pct_gdp
LVA,2007,0.18935181,berd_pct_gdp
LVA,2008,0.151720047,berd_pct_gdp
LVA,2009,0.167826981,berd_pct_gdp
LVA,2010,0.228852279,berd_pct_gdp
LVA,2011,0.205423267,berd_pct_gdp
LVA,2012,0.155607907,berd_pct_gdp
LVA,2013,0.179448231,berd_pct_gdp
LVA,2014,0.253614389,berd_pct_gdp
LVA,2015,0.158354041,berd_pct_gdp
LVA,2016,0.110212296,berd_pct_gdp
LVA,2017,0.144135817,berd_pct_gdp
LVA,2018,0.164455907,berd_pct_gdp
LVA,2019,0.173504239,berd_pct_gdp
LVA,2020,0.264575142,berd_pct_gdp
LVA,2021,0.287409956,berd_pct_gdp
LVA,2022,0.293439081,berd_pct_gdp
LVA,2023,0.29852608,berd_pct_gdp
LVA,2024,0.334535271,berd_pct_gdp
MEX,2000,0.086893888,berd_pct_gdp
MEX,2001,0.093348118,berd_pct_gdp
MEX,2002,0.114596458,berd_pct_gdp
MEX,2003,0.114882291,berd_pct_gdp
MEX,2004,0.158085908,berd_pct_gdp
MEX,2005,0.178888844,berd_pct_gdp
MEX,2006,0.172458181,berd_pct_gdp
MEX,2007,0.1657684,berd_pct_gdp
MEX,2008,0.14718896,berd_pct_gdp
MEX,2009,0.167767674,berd_pct_gdp
MEX,2010,0.16590691,berd_pct_gdp
MEX,2011,0.157984864,berd_pct_gdp
MEX,2012,0.107857445,berd_pct_gdp
MEX,2013,0.103871049,berd_pct_gdp
MEX,2014,0.074949476,berd_pct_gdp
MEX,2015,0.077192162,berd_pct_gdp
MEX,2016,0.083560721,berd_pct_gdp
MEX,2017,0.071936382,berd_pct_gdp
NLD,2000,0.985866592,berd_pct_gdp
NLD,2001,0.975688542,berd_pct_gdp
NLD,2002,0.903358713,berd_pct_gdp
NLD,2003,0.932994886,berd_pct_gdp
NLD,2004,0.953961168,berd_pct_gdp
NLD,2005,0.934513543,berd_pct_gdp
NLD,2006,0.932854876,berd_pct_gdp
NLD,2007,0.882341134,berd_pct_gdp
NLD,2008,0.808077396,berd_pct_gdp
NLD,2009,0.777564256,berd_pct_gdp
NLD,2010,0.811480789,berd_pct_gdp
NLD,2011,1.055122123,berd_pct_gdp
NLD,2012,1.075247329,berd_pct_gdp
NLD,2013,1.397154607,berd_pct_gdp
NLD,2014,1.391633401,berd_pct_gdp
NLD,2015,1.36088962,berd_pct_gdp
NLD,2016,1.389662235,berd_pct_gdp
NLD,2017,1.420635777,berd_pct_gdp
NLD,2018,1.396974112,berd_pct_gdp
NLD,2019,1.427629684,berd_pct_gdp
NLD,2020,1.508212865,berd_pct_gdp
NLD,2021,1.463539117,berd_pct_gdp
NLD,2022,1.489791813,berd_pct_gdp
NLD,2023,1.591312243,berd_pct_gdp
NLD,2024,1.61462726,berd_pct_gdp
NOR,2001,0.931858394,berd_pct_gdp
NOR,2002,0.934056625,berd_pct_gdp
NOR,2003,0.960467214,berd_pct_gdp
NOR,2004,0.839299086,berd_pct_gdp
NOR,2005,0.790295823,berd_pct_gdp
NOR,2006,0.774624686,berd_pct_gdp
NOR,2007,0.818558293,berd_pct_gdp
NOR,2008,0.821799793,berd_pct_gdp
NOR,2009,0.885420082,berd_pct_gdp
NOR,2010,0.840969221,berd_pct_gdp
NOR,2011,0.843775768,berd_pct_gdp
NOR,2012,0.84192456,berd_pct_gdp
NOR,2013,0.861893613,berd_pct_gdp
NOR,2014,0.915267242,berd_pct_gdp
NOR,2015,1.036527257,berd_pct_gdp
NOR,2016,1.08289862,berd_pct_gdp
NOR,2017,1.095136082,berd_pct_gdp
NOR,2018,1.048294447,berd_pct_gdp
NOR,2019,1.131935311,berd_pct_gdp
NOR,2020,1.219260019,berd_pct_gdp
NOR,2021,1.016735188,berd_pct_gdp
NOR,2022,0.85720039,berd_pct_gdp
NOR,2023,1.051640155,berd_pct_gdp
NOR,2024,1.016289998,berd_pct_gdp
NZL,2001,0.407110448,berd_pct_gdp
NZL,2003,0.468581315,berd_pct_gdp
NZL,2005,0.466432223,berd_pct_gdp
NZL,2007,0.494444861,berd_pct_gdp
NZL,2009,0.521638232,berd_pct_gdp
NZL,2011,0.559382194,berd_pct_gdp
NZL,2013,0.534943028,berd_pct_gdp
NZL,2015,0.626836588,berd_pct_gdp
NZL,2017,0.733393819,berd_pct_gdp
NZL,2018,0.792169048,berd_pct_gdp
NZL,2019,0.844681845,berd_pct_gdp
NZL,2020,0.872746976,berd_pct_gdp
NZL,2021,0.886170779,berd_pct_gdp
NZL,2022,0.945560996,berd_pct_gdp
NZL,2023,0.973847842,berd_pct_gdp
POL,2000,0.230247622,berd_pct_gdp
POL,2001,0.221659101,berd_pct_gdp
POL,2002,0.112904414,berd_pct_gdp
POL,2003,0.147023356,berd_pct_gdp
POL,2004,0.157744423,berd_pct_gdp
POL,2005,0.178205222,berd_pct_gdp
POL,2006,0.17312682,berd_pct_gdp
POL,2007,0.170308467,berd_pct_gdp
POL,2008,0.184722947,berd_pct_gdp
POL,2009,0.187890181,berd_pct_gdp
POL,2010,0.192383727,berd_pct_gdp
POL,2011,0.225175599,berd_pct_gdp
POL,2012,0.329241876,berd_pct_gdp
POL,2013,0.384132551,berd_pct_gdp
POL,2014,0.440426036,berd_pct_gdp
POL,2015,0.464830202,berd_pct_gdp
POL,2016,0.631444404,berd_pct_gdp
POL,2017,0.664646471,berd_pct_gdp
POL,2018,0.789297095,berd_pct_gdp
POL,2019,0.822449306,berd_pct_gdp
POL,2020,0.861609855,berd_pct_gdp
POL,2021,0.893064011,berd_pct_gdp
POL,2022,0.949904004,berd_pct_gdp
POL,2023,1.003980632,berd_pct_gdp
POL,2024,0.891892478,berd_pct_gdp
PRT,2000,0.200564614,berd_pct_gdp
PRT,2001,0.243278004,berd_pct_gdp
PRT,2002,0.234419092,berd_pct_gdp
PRT,2003,0.231425374,berd_pct_gdp
PRT,2004,0.262745949,berd_pct_gdp
PRT,2005,0.29139513,berd_pct_gdp
PRT,2006,0.442920921,berd_pct_gdp
PRT,2007,0.576003197,berd_pct_gdp
PRT,2008,0.723103791,berd_pct_gdp
PRT,2009,0.747404076,berd_pct_gdp
PRT,2010,0.70404405,berd_pct_gdp
PRT,2011,0.689859001,berd_pct_gdp
PRT,2012,0.684312777,berd_pct_gdp
PRT,2013,0.628624356,berd_pct_gdp
PRT,2014,0.598178975,berd_pct_gdp
PRT,2015,0.577800517,berd_pct_gdp
PRT,2016,0.620485756,berd_pct_gdp
PRT,2017,0.666712567,berd_pct_gdp
PRT,2018,0.694923871,berd_pct_gdp
PRT,2019,0.732207019,berd_pct_gdp
PRT,2020,0.917044403,berd_pct_gdp
PRT,2021,0.994745408,berd_pct_gdp
PRT,2022,1.05198379,berd_pct_gdp
PRT,2023,1.051857507,berd_pct_gdp
PRT,2024,1.091028483,berd_pct_gdp
SVK,2000,0.420275613,berd_pct_gdp
SVK,2001,0.421269491,berd_pct_gdp
SVK,2002,0.362822295,berd_pct_gdp
SVK,2003,0.311956343,berd_pct_gdp
SVK,2004,0.247239955,berd_pct_gdp
SVK,2005,0.246927984,berd_pct_gdp
SVK,2006,0.204527458,berd_pct_gdp
SVK,2007,0.176932538,berd_pct_gdp
SVK,2008,0.197951927,berd_pct_gdp
SVK,2009,0.194170676,berd_pct_gdp
SVK,2010,0.254987863,berd_pct_gdp
SVK,2011,0.243119273,berd_pct_gdp
SVK,2012,0.328206198,berd_pct_gdp
SVK,2013,0.378615679,berd_pct_gdp
SVK,2014,0.322192752,berd_pct_gdp
SVK,2015,0.322469406,berd_pct_gdp
SVK,2016,0.395385666,berd_pct_gdp
SVK,2017,0.477070662,berd_pct_gdp
SVK,2018,0.44981797,berd_pct_gdp
SVK,2019,0.450380088,berd_pct_gdp
SVK,2020,0.480982917,berd_pct_gdp
SVK,2021,0.505105579,berd_pct_gdp
SVK,2022,0.559338268,berd_pct_gdp
SVK,2023,0.577737516,berd_pct_gdp
SVK,2024,0.589700795,berd_pct_gdp
SVN,2000,0.770764923,berd_pct_gdp
SVN,2001,0.856549859,berd_pct_gdp
SVN,2002,0.871551671,berd_pct_gdp
SVN,2003,0.805143769,berd_pct_gdp
SVN,2004,0.924676693,berd_pct_gdp
SVN,2005,0.840107515,berd_pct_gdp
SVN,2006,0.930970473,berd_pct_gdp
SVN,2007,0.857116458,berd_pct_gdp
SVN,2008,1.055251271,berd_pct_gdp
SVN,2009,1.184467943,berd_pct_gdp
SVN,2010,1.403068175,berd_pct_gdp
SVN,2011,1.795660028,berd_pct_gdp
SVN,2012,1.956660131,berd_pct_gdp
SVN,2013,1.985329495,berd_pct_gdp
SVN,2014,1.847331175,berd_pct_gdp
SVN,2015,1.690083778,berd_pct_gdp
SVN,2016,1.536169779,berd_pct_gdp
SVN,2017,1.407553171,berd_pct_gdp
SVN,2018,1.457118347,berd_pct_gdp
SVN,2019,1.518499779,berd_pct_gdp
SVN,2020,1.580239416,berd_pct_gdp
SVN,2021,1.567813415,berd_pct_gdp
SVN,2022,1.476557673,berd_pct_gdp
SVN,2023,1.465215637,berd_pct_gdp
SVN,2024,1.501235177,berd_pct_gdp
SWE,2001,2.999667077,berd_pct_gdp
SWE,2003,2.663534969,berd_pct_gdp
SWE,2004,2.475525356,berd_pct_gdp
SWE,2005,2.449534988,berd_pct_gdp
SWE,2006,2.598589446,berd_pct_gdp
SWE,2007,2.365604059,berd_pct_gdp
SWE,2008,2.585031928,berd_pct_gdp
SWE,2009,2.420599645,berd_pct_gdp
SWE,2010,2.191347127,berd_pct_gdp
SWE,2011,2.215116158,berd_pct_gdp
SWE,2012,2.200647336,berd_pct_gdp
SWE,2013,2.258463654,berd_pct_gdp
SWE,2014,2.094803144,berd_pct_gdp
SWE,2015,2.258980046,berd_pct_gdp
SWE,2016,2.271011138,berd_pct_gdp
SWE,2017,2.424704608,berd_pct_gdp
SWE,2018,2.381223972,berd_pct_gdp
SWE,2019,2.442574574,berd_pct_gdp
SWE,2020,2.53761579,berd_pct_gdp
SWE,2021,2.496043402,berd_pct_gdp
SWE,2022,2.57770699,berd_pct_gdp
SWE,2023,2.704106077,berd_pct_gdp
SWE,2024,2.606937532,berd_pct_gdp
TUR,2000,0.155431793,berd_pct_gdp
TUR,2001,0.175884912,berd_pct_gdp
TUR,2002,0.145757288,berd_pct_gdp
TUR,2003,0.107812819,berd_pct_gdp
TUR,2004,0.119822701,berd_pct_gdp
TUR,2005,0.189994582,berd_pct_gdp
TUR,2006,0.203773604,berd_pct_gdp
TUR,2007,0.281526861,berd_pct_gdp
TUR,2008,0.302064986,berd_pct_gdp
TUR,2009,0.319214535,berd_pct_gdp
TUR,2010,0.335267617,berd_pct_gdp
TUR,2011,0.340687832,berd_pct_gdp
TUR,2012,0.37050518,berd_pct_gdp
TUR,2013,0.383870187,berd_pct_gdp
TUR,2014,0.424757449,berd_pct_gdp
TUR,2015,0.476071451,berd_pct_gdp
TUR,2016,0.554411225,berd_pct_gdp
TUR,2017,0.584337169,berd_pct_gdp
TUR,2018,0.665362033,berd_pct_gdp
TUR,2019,0.725586585,berd_pct_gdp
TUR,2020,0.748885264,berd_pct_gdp
TUR,2021,0.839411482,berd_pct_gdp
TUR,2022,0.796222517,berd_pct_gdp
TUR,2023,0.907910016,berd_pct_gdp
TUR,2024,0.947148408,berd_pct_gdp
USA,2000,1.950657851,berd_pct_gdp
USA,2001,1.909075368,berd_pct_gdp
USA,2002,1.773868462,berd_pct_gdp
USA,2003,1.752061066,berd_pct_gdp
USA,2004,1.70498206,berd_pct_gdp
USA,2005,1.734454967,berd_pct_gdp
USA,2006,1.792678601,berd_pct_gdp
USA,2007,1.860320288,berd_pct_gdp
USA,2008,1.968061719,berd_pct_gdp
USA,2009,1.95048828,berd_pct_gdp
USA,2010,1.853794522,berd_pct_gdp
USA,2011,1.885237516,berd_pct_gdp
USA,2012,1.859551851,berd_pct_gdp
USA,2013,1.910633592,berd_pct_gdp
USA,2014,1.9350598,berd_pct_gdp
USA,2015,2.007715871,berd_pct_gdp
USA,2016,2.075712874,berd_pct_gdp
USA,2017,2.124203719,berd_pct_gdp
USA,2018,2.216545133,berd_pct_gdp
USA,2019,2.360354804,berd_pct_gdp
USA,2020,2.595250093,berd_pct_gdp
USA,2021,2.698721152,berd_pct_gdp
USA,2022,2.729052136,berd_pct_gdp
USA,2023,2.65784495,berd_pct_gdp
USA,2024,2.667761121,berd_pct_gdp
AUS,2000,1.4697558,gerd_pct_gdp_oecd
AUS,2002,1.642326874,gerd_pct_gdp_oecd
AUS,2004,1.722729872,gerd_pct_gdp_oecd
AUS,2006,1.995974542,gerd_pct_gdp_oecd
AUS,2008,2.236172625,gerd_pct_gdp_oecd
AUS,2010,2.172599178,gerd_pct_gdp_oecd
AUS,2011,2.105158998,gerd_pct_gdp_oecd
AUS,2013,2.083741877,gerd_pct_gdp_oecd
AUS,2015,1.873241527,gerd_pct_gdp_oecd
AUS,2017,1.788170341,gerd_pct_gdp_oecd
AUS,2019,1.789939296,gerd_pct_gdp_oecd
AUS,2021,1.658221012,gerd_pct_gdp_oecd
AUS,2023,1.682148487,gerd_pct_gdp_oecd
CAN,2000,1.858470207,gerd_pct_gdp_oecd
CAN,2001,2.021156042,gerd_pct_gdp_oecd
CAN,2002,1.971694588,gerd_pct_gdp_oecd
CAN,2003,1.967807056,gerd_pct_gdp_oecd
CAN,2004,1.997333295,gerd_pct_gdp_oecd
CAN,2005,1.971243467,gerd_pct_gdp_oecd
CAN,2006,1.94299895,gerd_pct_gdp_oecd
CAN,2007,1.903577511,gerd_pct_gdp_oecd
CAN,2008,1.855777859,gerd_pct_gdp_oecd
CAN,2009,1.917415394,gerd_pct_gdp_oecd
CAN,2010,1.825037454,gerd_pct_gdp_oecd
CAN,2011,1.787140592,gerd_pct_gdp_oecd
CAN,2012,1.773039748,gerd_pct_gdp_oecd
CAN,2013,1.706245298,gerd_pct_gdp_oecd
CAN,2014,1.714824517,gerd_pct_gdp_oecd
CAN,2015,1.693594535,gerd_pct_gdp_oecd
CAN,2016,1.729024677,gerd_pct_gdp_oecd
CAN,2017,1.687018047,gerd_pct_gdp_oecd
CAN,2018,1.737193465,gerd_pct_gdp_oecd
CAN,2019,1.755776696,gerd_pct_gdp_oecd
CAN,2020,1.934135455,gerd_pct_gdp_oecd
CAN,2021,1.870638981,gerd_pct_gdp_oecd
CAN,2022,1.844834732,gerd_pct_gdp_oecd
CAN,2023,1.935484306,gerd_pct_gdp_oecd
CAN,2024,1.792668031,gerd_pct_gdp_oecd
CRI,2014,0.556213299,gerd_pct_gdp_oecd
CRI,2015,0.485771196,gerd_pct_gdp_oecd
CRI,2016,0.444107685,gerd_pct_gdp_oecd
CRI,2017,0.430539241,gerd_pct_gdp_oecd
CRI,2018,0.371299989,gerd_pct_gdp_oecd
CRI,2020,0.33002157,gerd_pct_gdp_oecd
CRI,2021,0.273848898,gerd_pct_gdp_oecd
CRI,2022,0.33789292,gerd_pct_gdp_oecd
CRI,2023,0.337383968,gerd_pct_gdp_oecd
CRI,2024,0.286124535,gerd_pct_gdp_oecd
DNK,2001,2.323393236,gerd_pct_gdp_oecd
DNK,2002,2.439355684,gerd_pct_gdp_oecd
DNK,2003,2.507107185,gerd_pct_gdp_oecd
DNK,2004,2.413276815,gerd_pct_gdp_oecd
DNK,2005,2.387210064,gerd_pct_gdp_oecd
DNK,2006,2.398752589,gerd_pct_gdp_oecd
DNK,2007,2.509208695,gerd_pct_gdp_oecd
DNK,2008,2.760812537,gerd_pct_gdp_oecd
DNK,2009,3.042094096,gerd_pct_gdp_oecd
DNK,2010,2.913896104,gerd_pct_gdp_oecd
DNK,2011,2.941979162,gerd_pct_gdp_oecd
DNK,2012,2.984498184,gerd_pct_gdp_oecd
DNK,2013,2.961460348,gerd_pct_gdp_oecd
DNK,2014,2.915423454,gerd_pct_gdp_oecd
DNK,2015,3.064221197,gerd_pct_gdp_oecd
DNK,2016,3.102087636,gerd_pct_gdp_oecd
DNK,2017,2.935755868,gerd_pct_gdp_oecd
DNK,2018,2.978949957,gerd_pct_gdp_oecd
DNK,2019,2.906057211,gerd_pct_gdp_oecd
DNK,2020,2.965324039,gerd_pct_gdp_oecd
DNK,2021,2.758551258,gerd_pct_gdp_oecd
DNK,2022,2.880210849,gerd_pct_gdp_oecd
DNK,2023,3.066791239,gerd_pct_gdp_oecd
DNK,2024,3.013053944,gerd_pct_gdp_oecd
HUN,2000,0.789994761,gerd_pct_gdp_oecd
HUN,2001,0.912247916,gerd_pct_gdp_oecd
HUN,2002,0.983146401,gerd_pct_gdp_oecd
HUN,2003,0.919853494,gerd_pct_gdp_oecd
HUN,2004,0.860771832,gerd_pct_gdp_oecd
HUN,2005,0.920432622,gerd_pct_gdp_oecd
HUN,2006,0.978347582,gerd_pct_gdp_oecd
HUN,2007,0.954878882,gerd_pct_gdp_oecd
HUN,2008,0.978174095,gerd_pct_gdp_oecd
HUN,2009,1.130274144,gerd_pct_gdp_oecd
HUN,2010,1.131016951,gerd_pct_gdp_oecd
HUN,2011,1.181161367,gerd_pct_gdp_oecd
HUN,2012,1.257584885,gerd_pct_gdp_oecd
HUN,2013,1.384489132,gerd_pct_gdp_oecd
HUN,2014,1.343696319,gerd_pct_gdp_oecd
HUN,2015,1.338839446,gerd_pct_gdp_oecd
HUN,2016,1.176451829,gerd_pct_gdp_oecd
HUN,2017,1.314975935,gerd_pct_gdp_oecd
HUN,2018,1.50195927,gerd_pct_gdp_oecd
HUN,2019,1.464730987,gerd_pct_gdp_oecd
HUN,2020,1.580669765,gerd_pct_gdp_oecd
HUN,2021,1.63327162,gerd_pct_gdp_oecd
HUN,2022,1.394760002,gerd_pct_gdp_oecd
HUN,2023,1.382529813,gerd_pct_gdp_oecd
HUN,2024,1.312874116,gerd_pct_gdp_oecd
LVA,2000,0.445898386,gerd_pct_gdp_oecd
LVA,2001,0.41104904,gerd_pct_gdp_oecd
LVA,2002,0.422028439,gerd_pct_gdp_oecd
LVA,2003,0.376152919,gerd_pct_gdp_oecd
LVA,2004,0.415929484,gerd_pct_gdp_oecd
LVA,2005,0.549585377,gerd_pct_gdp_oecd
LVA,2006,0.682846995,gerd_pct_gdp_oecd
LVA,2007,0.581669059,gerd_pct_gdp_oecd
LVA,2008,0.606270815,gerd_pct_gdp_oecd
LVA,2009,0.46113924,gerd_pct_gdp_oecd
LVA,2010,0.618303194,gerd_pct_gdp_oecd
LVA,2011,0.739820979,gerd_pct_gdp_oecd
LVA,2012,0.688832707,gerd_pct_gdp_oecd
LVA,2013,0.635356047,gerd_pct_gdp_oecd
LVA,2014,0.71433257,gerd_pct_gdp_oecd
LVA,2015,0.640996943,gerd_pct_gdp_oecd
LVA,2016,0.450645832,gerd_pct_gdp_oecd
LVA,2017,0.530035444,gerd_pct_gdp_oecd
LVA,2018,0.661375591,gerd_pct_gdp_oecd
LVA,2019,0.660195466,gerd_pct_gdp_oecd
LVA,2020,0.756630737,gerd_pct_gdp_oecd
LVA,2021,0.770844863,gerd_pct_gdp_oecd
LVA,2022,0.812444585,gerd_pct_gdp_oecd
LVA,2023,0.819607301,gerd_pct_gdp_oecd
LVA,2024,0.916657505,gerd_pct_gdp_oecd
MEX,2000,0.292045841,gerd_pct_gdp_oecd
MEX,2001,0.308150709,gerd_pct_gdp_oecd
MEX,2002,0.337445372,gerd_pct_gdp_oecd
MEX,2003,0.374541508,gerd_pct_gdp_oecd
MEX,2004,0.37053412,gerd_pct_gdp_oecd
MEX,2005,0.38102808,gerd_pct_gdp_oecd
MEX,2006,0.352975308,gerd_pct_gdp_oecd
MEX,2007,0.380389782,gerd_pct_gdp_oecd
MEX,2008,0.424164826,gerd_pct_gdp_oecd
MEX,2009,0.457483925,gerd_pct_gdp_oecd
MEX,2010,0.47352964,gerd_pct_gdp_oecd
MEX,2011,0.452682928,gerd_pct_gdp_oecd
MEX,2012,0.402843495,gerd_pct_gdp_oecd
MEX,2013,0.408060684,gerd_pct_gdp_oecd
MEX,2014,0.419620724,gerd_pct_gdp_oecd
MEX,2015,0.414765608,gerd_pct_gdp_oecd
MEX,2016,0.376012524,gerd_pct_gdp_oecd
MEX,2017,0.319545899,gerd_pct_gdp_oecd
NLD,2000,1.789067009,gerd_pct_gdp_oecd
NLD,2001,1.792144382,gerd_pct_gdp_oecd
NLD,2002,1.739308532,gerd_pct_gdp_oecd
NLD,2003,1.776652211,gerd_pct_gdp_oecd
NLD,2004,1.781316959,gerd_pct_gdp_oecd
NLD,2005,1.766698848,gerd_pct_gdp_oecd
NLD,2006,1.732079994,gerd_pct_gdp_oecd
NLD,2007,1.660631849,gerd_pct_gdp_oecd
NLD,2008,1.612469849,gerd_pct_gdp_oecd
NLD,2009,1.651609955,gerd_pct_gdp_oecd
NLD,2010,1.693876726,gerd_pct_gdp_oecd
NLD,2011,1.865100189,gerd_pct_gdp_oecd
NLD,2012,1.90094314,gerd_pct_gdp_oecd
NLD,2013,2.139529153,gerd_pct_gdp_oecd
NLD,2014,2.150665977,gerd_pct_gdp_oecd
NLD,2015,2.117924697,gerd_pct_gdp_oecd
NLD,2016,2.115458048,gerd_pct_gdp_oecd
NLD,2017,2.141674691,gerd_pct_gdp_oecd
NLD,2018,2.10270135,gerd_pct_gdp_oecd
NLD,2019,2.140359884,gerd_pct_gdp_oecd
NLD,2020,2.265136326,gerd_pct_gdp_oecd
NLD,2021,2.215420448,gerd_pct_gdp_oecd
NLD,2022,2.175289288,gerd_pct_gdp_oecd
NLD,2023,2.304896142,gerd_pct_gdp_oecd
NLD,2024,2.28764819,gerd_pct_gdp_oecd
NOR,2001,1.560195008,gerd_pct_gdp_oecd
NOR,2002,1.626447676,gerd_pct_gdp_oecd
NOR,2003,1.67572094,gerd_pct_gdp_oecd
NOR,2004,1.539754256,gerd_pct_gdp_oecd
NOR,2005,1.477153403,gerd_pct_gdp_oecd
NOR,2006,1.449720006,gerd_pct_gdp_oecd
NOR,2007,1.557944457,gerd_pct_gdp_oecd
NOR,2008,1.545561155,gerd_pct_gdp_oecd
NOR,2009,1.716780505,gerd_pct_gdp_oecd
NOR,2010,1.641203047,gerd_pct_gdp_oecd
NOR,2011,1.617136945,gerd_pct_gdp_oecd
NOR,2012,1.610532329,gerd_pct_gdp_oecd
NOR,2013,1.642158536,gerd_pct_gdp_oecd
NOR,2014,1.703691217,gerd_pct_gdp_oecd
NOR,2015,1.923504153,gerd_pct_gdp_oecd
NOR,2016,2.032865485,gerd_pct_gdp_oecd
NOR,2017,2.081674868,gerd_pct_gdp_oecd
NOR,2018,2.034823201,gerd_pct_gdp_oecd
NOR,2019,2.135995154,gerd_pct_gdp_oecd
NOR,2020,2.244362754,gerd_pct_gdp_oecd
NOR,2021,1.887638193,gerd_pct_gdp_oecd
NOR,2022,1.550807819,gerd_pct_gdp_oecd
NOR,2023,1.851424201,gerd_pct_gdp_oecd
NOR,2024,1.800074202,gerd_pct_gdp_oecd
NZL,2001,1.10028591,gerd_pct_gdp_oecd
NZL,2003,1.148927336,gerd_pct_gdp_oecd
NZL,2005,1.120419298,gerd_pct_gdp_oecd
NZL,2007,1.157633093,gerd_pct_gdp_oecd
NZL,2009,1.249159269,gerd_pct_gdp_oecd
NZL,2011,1.230828383,gerd_pct_gdp_oecd
NZL,2013,1.152746413,gerd_pct_gdp_oecd
NZL,2015,1.22706588,gerd_pct_gdp_oecd
NZL,2017,1.347877488,gerd_pct_gdp_oecd
NZL,2019,1.464197676,gerd_pct_gdp_oecd
NZL,2021,1.486048798,gerd_pct_gdp_oecd
NZL,2023,1.54848304,gerd_pct_gdp_oecd
POL,2000,0.638060104,gerd_pct_gdp_oecd
POL,2001,0.61861315,gerd_pct_gdp_oecd
POL,2002,0.555010064,gerd_pct_gdp_oecd
POL,2003,0.536258193,gerd_pct_gdp_oecd
POL,2004,0.549993119,gerd_pct_gdp_oecd
POL,2005,0.561214063,gerd_pct_gdp_oecd
POL,2006,0.548997322,gerd_pct_gdp_oecd
POL,2007,0.561025029,gerd_pct_gdp_oecd
POL,2008,0.597185875,gerd_pct_gdp_oecd
POL,2009,0.659320289,gerd_pct_gdp_oecd
POL,2010,0.722519335,gerd_pct_gdp_oecd
POL,2011,0.747262514,gerd_pct_gdp_oecd
POL,2012,0.884757021,gerd_pct_gdp_oecd
POL,2013,0.880698609,gerd_pct_gdp_oecd
POL,2014,0.945406491,gerd_pct_gdp_oecd
POL,2015,0.998069148,gerd_pct_gdp_oecd
POL,2016,0.961596176,gerd_pct_gdp_oecd
POL,2017,1.030555339,gerd_pct_gdp_oecd
POL,2018,1.194260889,gerd_pct_gdp_oecd
POL,2019,1.308805153,gerd_pct_gdp_oecd
POL,2020,1.371279601,gerd_pct_gdp_oecd
POL,2021,1.415577471,gerd_pct_gdp_oecd
POL,2022,1.441617273,gerd_pct_gdp_oecd
POL,2023,1.555246812,gerd_pct_gdp_oecd
POL,2024,1.409033501,gerd_pct_gdp_oecd
USA,2000,2.619834724,gerd_pct_gdp_oecd
USA,2001,2.637146781,gerd_pct_gdp_oecd
USA,2002,2.54745401,gerd_pct_gdp_oecd
USA,2003,2.550152971,gerd_pct_gdp_oecd
USA,2004,2.486855413,gerd_pct_gdp_oecd
USA,2005,2.50192554,gerd_pct_gdp_oecd
USA,2006,2.545451755,gerd_pct_gdp_oecd
USA,2007,2.615158473,gerd_pct_gdp_oecd
USA,2008,2.744812375,gerd_pct_gdp_oecd
USA,2009,2.791816062,gerd_pct_gdp_oecd
USA,2010,2.714464663,gerd_pct_gdp_oecd
USA,2011,2.738014986,gerd_pct_gdp_oecd
USA,2012,2.672743951,gerd_pct_gdp_oecd
USA,2013,2.695933571,gerd_pct_gdp_oecd
USA,2014,2.708804304,gerd_pct_gdp_oecd
USA,2015,2.773279437,gerd_pct_gdp_oecd
USA,2016,2.836779941,gerd_pct_gdp_oecd
USA,2017,2.883153473,gerd_pct_gdp_oecd
USA,2018,2.989555451,gerd_pct_gdp_oecd
USA,2019,3.142978485,gerd_pct_gdp_oecd
USA,2020,3.414514176,gerd_pct_gdp_oecd
USA,2021,3.462447491,gerd_pct_gdp_oecd
USA,2022,3.484327191,gerd_pct_gdp_oecd
USA,2023,3.423455829,gerd_pct_gdp_oecd
USA,2024,3.444858189,gerd_pct_gdp_oecd
CRI,2014,546.7577936,gerd_usd_ppp_constant
CRI,2015,494.9523599,gerd_usd_ppp_constant
CRI,2016,471.5260219,gerd_usd_ppp_constant
CRI,2017,476.1255579,gerd_usd_ppp_constant
CRI,2018,421.3552093,gerd_usd_ppp_constant
CRI,2020,367.1747593,gerd_usd_ppp_constant
CRI,2021,328.8568204,gerd_usd_ppp_constant
CRI,2022,424.2337162,gerd_usd_ppp_constant
CRI,2023,445.2485437,gerd_usd_ppp_constant
CRI,2024,393.9180141,gerd_usd_ppp_constant
DEU,2000,95420.98867,gerd_usd_ppp_constant
DEU,2001,96683.69979,gerd_usd_ppp_constant
DEU,2002,97653.76033,gerd_usd_ppp_constant
DEU,2003,98497.85291,gerd_usd_ppp_constant
DEU,2004,98029.05008,gerd_usd_ppp_constant
DEU,2005,98892.26732,gerd_usd_ppp_constant
DEU,2006,103903.5083,gerd_usd_ppp_constant
DEU,2007,106410.4967,gerd_usd_ppp_constant
DEU,2008,114133.1147,gerd_usd_ppp_constant
DEU,2009,112738.3281,gerd_usd_ppp_constant
DEU,2010,116855.3078,gerd_usd_ppp_constant
DEU,2011,124594.3246,gerd_usd_ppp_constant
DEU,2012,128586.1145,gerd_usd_ppp_constant
DEU,2013,127056.7782,gerd_usd_ppp_constant
DEU,2014,131759.0277,gerd_usd_ppp_constant
DEU,2015,136471.0385,gerd_usd_ppp_constant
DEU,2016,139929.5898,gerd_usd_ppp_constant
DEU,2017,148934.1493,gerd_usd_ppp_constant
DEU,2018,153711.2099,gerd_usd_ppp_constant
DEU,2019,158394.6632,gerd_usd_ppp_constant
DEU,2020,150788.8204,gerd_usd_ppp_constant
DEU,2021,155922.1886,gerd_usd_ppp_constant
DEU,2022,157189.6306,gerd_usd_ppp_constant
DEU,2023,160177.4067,gerd_usd_ppp_constant
DEU,2024,159537.4022,gerd_usd_ppp_constant
ESP,2000,13545.05587,gerd_usd_ppp_constant
ESP,2001,14159.26841,gerd_usd_ppp_constant
ESP,2002,15713.66283,gerd_usd_ppp_constant
ESP,2003,17249.98474,gerd_usd_ppp_constant
ESP,2004,18081.64644,gerd_usd_ppp_constant
ESP,2005,19777.25567,gerd_usd_ppp_constant
ESP,2006,22019.37044,gerd_usd_ppp_constant
ESP,2007,24010.37509,gerd_usd_ppp_constant
ESP,2008,25822.82825,gerd_usd_ppp_constant
ESP,2009,25553.44539,gerd_usd_ppp_constant
ESP,2010,25490.67934,gerd_usd_ppp_constant
ESP,2011,24820.71035,gerd_usd_ppp_constant
ESP,2012,23481.26398,gerd_usd_ppp_constant
ESP,2013,22715.76051,gerd_usd_ppp_constant
ESP,2014,22431.74746,gerd_usd_ppp_constant
ESP,2015,22919.68049,gerd_usd_ppp_constant
ESP,2016,22987.24864,gerd_usd_ppp_constant
ESP,2017,24077.2041,gerd_usd_ppp_constant
ESP,2018,25287.91939,gerd_usd_ppp_constant
ESP,2019,25975.97032,gerd_usd_ppp_constant
ESP,2020,26008.01327,gerd_usd_ppp_constant
ESP,2021,27742.09292,gerd_usd_ppp_constant
ESP,2022,29686.69746,gerd_usd_ppp_constant
ESP,2023,32358.04073,gerd_usd_ppp_constant
ESP,2024,33629.0105,gerd_usd_ppp_constant
GBR,2000,42068.4908,gerd_usd_ppp_constant
GBR,2001,42686.23987,gerd_usd_ppp_constant
GBR,2002,43966.46271,gerd_usd_ppp_constant
GBR,2003,44439.4125,gerd_usd_ppp_constant
GBR,2004,44019.12516,gerd_usd_ppp_constant
GBR,2005,45822.31826,gerd_usd_ppp_constant
GBR,2006,47575.59122,gerd_usd_ppp_constant
GBR,2007,50251.74211,gerd_usd_ppp_constant
GBR,2008,49898.15557,gerd_usd_ppp_constant
GBR,2009,49340.44266,gerd_usd_ppp_constant
GBR,2010,49631.95243,gerd_usd_ppp_constant
GBR,2011,50302.51527,gerd_usd_ppp_constant
GBR,2012,48859.71111,gerd_usd_ppp_constant
GBR,2013,51138.22204,gerd_usd_ppp_constant
GBR,2014,73534.32683,gerd_usd_ppp_constant
GBR,2015,75518.58827,gerd_usd_ppp_constant
GBR,2016,78663.53674,gerd_usd_ppp_constant
GBR,2017,81193.80941,gerd_usd_ppp_constant
GBR,2018,95847.48919,gerd_usd_ppp_constant
GBR,2019,95723.80523,gerd_usd_ppp_constant
GBR,2020,94638.46148,gerd_usd_ppp_constant
GBR,2021,100698.2752,gerd_usd_ppp_constant
GBR,2022,103243.8158,gerd_usd_ppp_constant
GBR,2023,102457.6274,gerd_usd_ppp_constant
JPN,2000,139558.9411,gerd_usd_ppp_constant
JPN,2001,143287.3648,gerd_usd_ppp_constant
JPN,2002,145389.8274,gerd_usd_ppp_constant
JPN,2003,149018.6344,gerd_usd_ppp_constant
JPN,2004,151668.4468,gerd_usd_ppp_constant
JPN,2005,162156.2449,gerd_usd_ppp_constant
JPN,2006,169460.5275,gerd_usd_ppp_constant
JPN,2007,175434.1287,gerd_usd_ppp_constant
JPN,2008,173268.7749,gerd_usd_ppp_constant
JPN,2009,158622.4921,gerd_usd_ppp_constant
JPN,2010,160423.746,gerd_usd_ppp_constant
JPN,2011,165651.3114,gerd_usd_ppp_constant
JPN,2012,166269.9037,gerd_usd_ppp_constant
JPN,2013,175228.414,gerd_usd_ppp_constant
JPN,2014,180513.3931,gerd_usd_ppp_constant
JPN,2015,176408.1391,gerd_usd_ppp_constant
JPN,2016,170385.8764,gerd_usd_ppp_constant
JPN,2017,176569.5149,gerd_usd_ppp_constant
JPN,2018,180671.0809,gerd_usd_ppp_constant
JPN,2019,179890.8932,gerd_usd_ppp_constant
JPN,2020,174926.4424,gerd_usd_ppp_constant
JPN,2021,180098.4031,gerd_usd_ppp_constant
JPN,2022,188830.8444,gerd_usd_ppp_constant
JPN,2023,193910.5303,gerd_usd_ppp_constant
JPN,2024,204375.9002,gerd_usd_ppp_constant
MEX,2000,5784.271347,gerd_usd_ppp_constant
MEX,2001,6075.728799,gerd_usd_ppp_constant
MEX,2002,6637.583213,gerd_usd_ppp_constant
MEX,2003,7454.610079,gerd_usd_ppp_constant
MEX,2004,7637.795782,gerd_usd_ppp_constant
MEX,2005,8020.083783,gerd_usd_ppp_constant
MEX,2006,7786.607912,gerd_usd_ppp_constant
MEX,2007,8565.730317,gerd_usd_ppp_constant
MEX,2008,9641.571849,gerd_usd_ppp_constant
MEX,2009,9744.299689,gerd_usd_ppp_constant
MEX,2010,10587.4819,gerd_usd_ppp_constant
MEX,2011,10469.96245,gerd_usd_ppp_constant
MEX,2012,9648.302955,gerd_usd_ppp_constant
MEX,2013,9856.53532,gerd_usd_ppp_constant
MEX,2014,10389.53879,gerd_usd_ppp_constant
MEX,2015,10546.83974,gerd_usd_ppp_constant
MEX,2016,9730.884842,gerd_usd_ppp_constant
MEX,2017,8424.360562,gerd_usd_ppp_constant
NOR,2001,4357.638094,gerd_usd_ppp_constant
NOR,2002,4454.417574,gerd_usd_ppp_constant
NOR,2003,4633.794375,gerd_usd_ppp_constant
NOR,2004,4580.464775,gerd_usd_ppp_constant
NOR,2005,4785.123113,gerd_usd_ppp_constant
NOR,2006,5042.103868,gerd_usd_ppp_constant
NOR,2007,5532.630603,gerd_usd_ppp_constant
NOR,2008,5820.757089,gerd_usd_ppp_constant
NOR,2009,5859.070063,gerd_usd_ppp_constant
NOR,2010,5781.327998,gerd_usd_ppp_constant
NOR,2011,5969.060942,gerd_usd_ppp_constant
NOR,2012,6153.891583,gerd_usd_ppp_constant
NOR,2013,6327.598092,gerd_usd_ppp_constant
NOR,2014,6541.203692,gerd_usd_ppp_constant
NOR,2015,7161.919881,gerd_usd_ppp_constant
NOR,2016,7398.254472,gerd_usd_ppp_constant
NOR,2017,7901.514127,gerd_usd_ppp_constant
NOR,2018,8070.65551,gerd_usd_ppp_constant
NOR,2019,8299.068034,gerd_usd_ppp_constant
NOR,2020,8102.594599,gerd_usd_ppp_constant
NOR,2021,8278.654674,gerd_usd_ppp_constant
NOR,2022,8549.150329,gerd_usd_ppp_constant
NOR,2023,8684.891954,gerd_usd_ppp_constant
NOR,2024,8287.876015,gerd_usd_ppp_constant
SVN,2000,804.7183701,gerd_usd_ppp_constant
SVN,2001,896.2771549,gerd_usd_ppp_constant
SVN,2002,911.9366739,gerd_usd_ppp_constant
SVN,2003,811.6792479,gerd_usd_ppp_constant
SVN,2004,930.1339958,gerd_usd_ppp_constant
SVN,2005,999.1089335,gerd_usd_ppp_constant
SVN,2006,1145.378176,gerd_usd_ppp_constant
SVN,2007,1137.372718,gerd_usd_ppp_constant
SVN,2008,1341.536426,gerd_usd_ppp_constant
SVN,2009,1390.371272,gerd_usd_ppp_constant
SVN,2010,1586.676424,gerd_usd_ppp_constant
SVN,2011,1876.454898,gerd_usd_ppp_constant
SVN,2012,1935.867457,gerd_usd_ppp_constant
SVN,2013,1927.998342,gerd_usd_ppp_constant
SVN,2014,1824.152872,gerd_usd_ppp_constant
SVN,2015,1732.971672,gerd_usd_ppp_constant
SVN,2016,1634.972803,gerd_usd_ppp_constant
SVN,2017,1594.979384,gerd_usd_ppp_constant
SVN,2018,1736.882471,gerd_usd_ppp_constant
SVN,2019,1883.454781,gerd_usd_ppp_constant
SVN,2020,1892.867884,gerd_usd_ppp_constant
SVN,2021,2035.51342,gerd_usd_ppp_constant
SVN,2022,2053.596191,gerd_usd_ppp_constant
SVN,2023,2131.968858,gerd_usd_ppp_constant
SVN,2024,2201.523008,gerd_usd_ppp_constant
SWE,2001,16090.62648,gerd_usd_ppp_constant
SWE,2003,15511.5842,gerd_usd_ppp_constant
SWE,2004,15185.43121,gerd_usd_ppp_constant
SWE,2005,15599.48961,gerd_usd_ppp_constant
SWE,2006,16889.67488,gerd_usd_ppp_constant
SWE,2007,16242.54113,gerd_usd_ppp_constant
SWE,2008,17329.01083,gerd_usd_ppp_constant
SWE,2009,16220.03752,gerd_usd_ppp_constant
SWE,2010,16021.37923,gerd_usd_ppp_constant
SWE,2011,16628.39839,gerd_usd_ppp_constant
SWE,2012,16763.42721,gerd_usd_ppp_constant
SWE,2013,17106.66781,gerd_usd_ppp_constant
SWE,2014,16692.7142,gerd_usd_ppp_constant
SWE,2015,18077.28914,gerd_usd_ppp_constant
SWE,2016,18589.50283,gerd_usd_ppp_constant
SWE,2017,19727.12347,gerd_usd_ppp_constant
SWE,2018,19820.15898,gerd_usd_ppp_constant
SWE,2019,20643.06562,gerd_usd_ppp_constant
SWE,2020,20843.17287,gerd_usd_ppp_constant
SWE,2021,21543.95217,gerd_usd_ppp_constant
SWE,2022,22170.0089,gerd_usd_ppp_constant
SWE,2023,23000.95185,gerd_usd_ppp_constant
SWE,2024,22720.40536,gerd_usd_ppp_constant
AUT,2000,4440.230317,gerd_usd_ppp_current
AUT,2001,4759.61021,gerd_usd_ppp_current
AUT,2002,5205.964918,gerd_usd_ppp_current
AUT,2003,5676.42407,gerd_usd_ppp_current
AUT,2004,5977.817614,gerd_usd_ppp_current
AUT,2005,6836.98905,gerd_usd_ppp_current
AUT,2006,7345.371116,gerd_usd_ppp_current
AUT,2007,7912.110709,gerd_usd_ppp_current
AUT,2008,8834.096206,gerd_usd_ppp_current
AUT,2009,8869.436613,gerd_usd_ppp_current
AUT,2010,9575.206994,gerd_usd_ppp_current
AUT,2011,9955.008575,gerd_usd_ppp_current
AUT,2012,11415.06403,gerd_usd_ppp_current
AUT,2013,12007.909,gerd_usd_ppp_current
AUT,2014,12863.31135,gerd_usd_ppp_current
AUT,2015,13143.4318,gerd_usd_ppp_current
AUT,2016,14344.92525,gerd_usd_ppp_current
AUT,2017,14567.29511,gerd_usd_ppp_current
AUT,2018,15563.0533,gerd_usd_ppp_current
AUT,2019,16850.45613,gerd_usd_ppp_current
AUT,2020,16738.51678,gerd_usd_ppp_current
AUT,2021,18359.82243,gerd_usd_ppp_current
AUT,2022,20706.38211,gerd_usd_ppp_current
AUT,2023,21861.46662,gerd_usd_ppp_current
AUT,2024,22706.23908,gerd_usd_ppp_current
CHN,2000,33081.88371,gerd_usd_ppp_current
CHN,2001,38519.51038,gerd_usd_ppp_current
CHN,2002,48007.46162,gerd_usd_ppp_current
CHN,2003,57030.47038,gerd_usd_ppp_current
CHN,2004,69908.07145,gerd_usd_ppp_current
CHN,2005,86587.95473,gerd_usd_ppp_current
CHN,2006,105182.008,gerd_usd_ppp_current
CHN,2007,123682.3038,gerd_usd_ppp_current
CHN,2008,145416.7767,gerd_usd_ppp_current
CHN,2009,184059.7903,gerd_usd_ppp_current
CHN,2010,212074.8694,gerd_usd_ppp_current
CHN,2011,246477.1995,gerd_usd_ppp_current
CHN,2012,290892.7655,gerd_usd_ppp_current
CHN,2013,327146.2769,gerd_usd_ppp_current
CHN,2014,352373.0969,gerd_usd_ppp_current
CHN,2015,374714.4954,gerd_usd_ppp_current
CHN,2016,404635.427,gerd_usd_ppp_current
CHN,2017,435789.6306,gerd_usd_ppp_current
CHN,2018,480642.3269,gerd_usd_ppp_current
CHN,2019,545460.7854,gerd_usd_ppp_current
CHN,2020,607601.4738,gerd_usd_ppp_current
CHN,2021,701114.6371,gerd_usd_ppp_current
CHN,2022,811348.1998,gerd_usd_ppp_current
CHN,2023,915462.8102,gerd_usd_ppp_current
CHN,2024,1028343.962,gerd_usd_ppp_current
CRI,2014,440.9054411,gerd_usd_ppp_current
CRI,2015,414.0717763,gerd_usd_ppp_current
CRI,2016,415.0401982,gerd_usd_ppp_current
CRI,2017,433.6258047,gerd_usd_ppp_current
CRI,2018,395.7439489,gerd_usd_ppp_current
CRI,2020,367.1747593,gerd_usd_ppp_current
CRI,2021,330.5233397,gerd_usd_ppp_current
CRI,2022,450.3293863,gerd_usd_ppp_current
CRI,2023,497.9599853,gerd_usd_ppp_current
CRI,2024,456.5829456,gerd_usd_ppp_current
DNK,2001,3667.809003,gerd_usd_ppp_current
DNK,2002,4021.558747,gerd_usd_ppp_current
DNK,2003,4171.206611,gerd_usd_ppp_current
DNK,2004,4306.089741,gerd_usd_ppp_current
DNK,2005,4429.52212,gerd_usd_ppp_current
DNK,2006,4876.957235,gerd_usd_ppp_current
DNK,2007,5359.603378,gerd_usd_ppp_current
DNK,2008,6289.299773,gerd_usd_ppp_current
DNK,2009,6808.803411,gerd_usd_ppp_current
DNK,2010,6957.188156,gerd_usd_ppp_current
DNK,2011,7283.661016,gerd_usd_ppp_current
DNK,2012,7468.757366,gerd_usd_ppp_current
DNK,2013,7793.596571,gerd_usd_ppp_current
DNK,2014,7877.686621,gerd_usd_ppp_current
DNK,2015,8515.669113,gerd_usd_ppp_current
DNK,2016,9207.955013,gerd_usd_ppp_current
DNK,2017,9354.48259,gerd_usd_ppp_current
DNK,2018,9877.923233,gerd_usd_ppp_current
DNK,2019,10238.75736,gerd_usd_ppp_current
DNK,2020,10839.0234,gerd_usd_ppp_current
DNK,2021,11200.6986,gerd_usd_ppp_current
DNK,2022,13355.76391,gerd_usd_ppp_current
DNK,2023,14120.88771,gerd_usd_ppp_current
DNK,2024,14576.08759,gerd_usd_ppp_current
FIN,2000,4495.490324,gerd_usd_ppp_current
FIN,2001,4606.356131,gerd_usd_ppp_current
FIN,2002,4839.401968,gerd_usd_ppp_current
FIN,2003,4994.659735,gerd_usd_ppp_current
FIN,2004,5397.457121,gerd_usd_ppp_current
FIN,2005,5588.691782,gerd_usd_ppp_current
FIN,2006,6044.862197,gerd_usd_ppp_current
FIN,2007,6679.239872,gerd_usd_ppp_current
FIN,2008,7533.061361,gerd_usd_ppp_current
FIN,2009,7573.669522,gerd_usd_ppp_current
FIN,2010,7739.594083,gerd_usd_ppp_current
FIN,2011,7976.785434,gerd_usd_ppp_current
FIN,2012,7520.002191,gerd_usd_ppp_current
FIN,2013,7382.8318,gerd_usd_ppp_current
FIN,2014,7178.164227,gerd_usd_ppp_current
FIN,2015,6687.872474,gerd_usd_ppp_current
FIN,2016,6727.364834,gerd_usd_ppp_current
FIN,2017,7147.74738,gerd_usd_ppp_current
FIN,2018,7540.531861,gerd_usd_ppp_current
FIN,2019,8126.43495,gerd_usd_ppp_current
FIN,2020,8643.0561,gerd_usd_ppp_current
FIN,2021,9475.945599,gerd_usd_ppp_current
FIN,2022,10294.39833,gerd_usd_ppp_current
FIN,2023,10955.26815,gerd_usd_ppp_current
FIN,2024,11794.76063,gerd_usd_ppp_current
GBR,2000,25154.33054,gerd_usd_ppp_current
GBR,2001,26327.80261,gerd_usd_ppp_current
GBR,2002,27871.36259,gerd_usd_ppp_current
GBR,2003,28592.17377,gerd_usd_ppp_current
GBR,2004,29434.14612,gerd_usd_ppp_current
GBR,2005,30639.65144,gerd_usd_ppp_current
GBR,2006,33307.14598,gerd_usd_ppp_current
GBR,2007,35251.33119,gerd_usd_ppp_current
GBR,2008,36542.01863,gerd_usd_ppp_current
GBR,2009,36441.73938,gerd_usd_ppp_current
GBR,2010,37529.03888,gerd_usd_ppp_current
GBR,2011,38778.58662,gerd_usd_ppp_current
GBR,2012,38490.16182,gerd_usd_ppp_current
GBR,2013,41532.08789,gerd_usd_ppp_current
GBR,2014,60396.72431,gerd_usd_ppp_current
GBR,2015,62972.8145,gerd_usd_ppp_current
GBR,2016,67116.27833,gerd_usd_ppp_current
GBR,2017,70754.89898,gerd_usd_ppp_current
GBR,2018,84778.41324,gerd_usd_ppp_current
GBR,2019,89091.24552,gerd_usd_ppp_current
GBR,2020,94638.46148,gerd_usd_ppp_current
GBR,2021,99066.84426,gerd_usd_ppp_current
GBR,2022,113401.0662,gerd_usd_ppp_current
GBR,2023,114690.609,gerd_usd_ppp_current
ITA,2000,15476.97099,gerd_usd_ppp_current
ITA,2001,16625.22669,gerd_usd_ppp_current
ITA,2002,17728.83368,gerd_usd_ppp_current
ITA,2003,17718.74869,gerd_usd_ppp_current
ITA,2004,17903.55935,gerd_usd_ppp_current
ITA,2005,18241.24706,gerd_usd_ppp_current
ITA,2006,20450.5981,gerd_usd_ppp_current
ITA,2007,22529.41304,gerd_usd_ppp_current
ITA,2008,24234.96209,gerd_usd_ppp_current
ITA,2009,24916.22527,gerd_usd_ppp_current
ITA,2010,25376.53218,gerd_usd_ppp_current
ITA,2011,26111.69029,gerd_usd_ppp_current
ITA,2012,27419.61161,gerd_usd_ppp_current
ITA,2013,28459.40479,gerd_usd_ppp_current
ITA,2014,29448.33784,gerd_usd_ppp_current
ITA,2015,29994.8467,gerd_usd_ppp_current
ITA,2016,33076.60824,gerd_usd_ppp_current
ITA,2017,34488.80257,gerd_usd_ppp_current
ITA,2018,37039.85856,gerd_usd_ppp_current
ITA,2019,40568.11644,gerd_usd_ppp_current
ITA,2020,39583.38332,gerd_usd_ppp_current
ITA,2021,41562.41979,gerd_usd_ppp_current
ITA,2022,46146.93519,gerd_usd_ppp_current
ITA,2023,48840.36509,gerd_usd_ppp_current
ITA,2024,50723.17838,gerd_usd_ppp_current
LTU,2000,173.2623444,gerd_usd_ppp_current
LTU,2001,217.3836571,gerd_usd_ppp_current
LTU,2002,232.7221318,gerd_usd_ppp_current
LTU,2003,264.0749473,gerd_usd_ppp_current
LTU,2004,318.2312269,gerd_usd_ppp_current
LTU,2005,346.7232617,gerd_usd_ppp_current
LTU,2006,402.9139047,gerd_usd_ppp_current
LTU,2007,465.138246,gerd_usd_ppp_current
LTU,2008,489.6432962,gerd_usd_ppp_current
LTU,2009,446.9045673,gerd_usd_ppp_current
LTU,2010,460.2223999,gerd_usd_ppp_current
LTU,2011,594.0255908,gerd_usd_ppp_current
LTU,2012,624.4890538,gerd_usd_ppp_current
LTU,2013,702.5715133,gerd_usd_ppp_current
LTU,2014,798.7301592,gerd_usd_ppp_current
LTU,2015,816.4828003,gerd_usd_ppp_current
LTU,2016,696.8707241,gerd_usd_ppp_current
LTU,2017,797.6058915,gerd_usd_ppp_current
LTU,2018,954.5163508,gerd_usd_ppp_current
LTU,2019,1125.478552,gerd_usd_ppp_current
LTU,2020,1303.183518,gerd_usd_ppp_current
LTU,2021,1417.695195,gerd_usd_ppp_current
LTU,2022,1518.609378,gerd_usd_ppp_current
LTU,2023,1578.039836,gerd_usd_ppp_current
LTU,2024,1680.812902,gerd_usd_ppp_current
PRT,2000,1402.03188,gerd_usd_ppp_current
PRT,2001,1547.757648,gerd_usd_ppp_current
PRT,2002,1531.076,gerd_usd_ppp_current
PRT,2003,1522.114246,gerd_usd_ppp_current
PRT,2004,1641.994111,gerd_usd_ppp_current
PRT,2005,1808.19846,gerd_usd_ppp_current
PRT,2006,2478.416938,gerd_usd_ppp_current
PRT,2007,3050.492352,gerd_usd_ppp_current
PRT,2008,4063.636387,gerd_usd_ppp_current
PRT,2009,4420.265999,gerd_usd_ppp_current
PRT,2010,4424.126038,gerd_usd_ppp_current
PRT,2011,4118.956145,gerd_usd_ppp_current
PRT,2012,3832.411055,gerd_usd_ppp_current
PRT,2013,3869.846324,gerd_usd_ppp_current
PRT,2014,3856.228315,gerd_usd_ppp_current
PRT,2015,3819.784353,gerd_usd_ppp_current
PRT,2016,4179.909588,gerd_usd_ppp_current
PRT,2017,4490.450091,gerd_usd_ppp_current
PRT,2018,4847.586613,gerd_usd_ppp_current
PRT,2019,5432.964222,gerd_usd_ppp_current
PRT,2020,5961.909927,gerd_usd_ppp_current
PRT,2021,6677.85035,gerd_usd_ppp_current
PRT,2022,7981.813872,gerd_usd_ppp_current
PRT,2023,8848.476414,gerd_usd_ppp_current
PRT,2024,9729.145094,gerd_usd_ppp_current
