var,year,USA,CHN,CHN_USA_ratio,gap_CHN_minus_USA
gerd_pct_gdp,2010,2.71443,1.68456,0.6205943789303832,-1.02987
gerd_pct_gdp,2015,2.77328,2.01703,0.7273084578549588,-0.7562500000000001
gerd_pct_gdp,2021,3.4689,2.38165,0.68657211219695,-1.08725
gerd_pct_gdp,2023,3.44716,2.57729,0.7476560414950278,-0.8698699999999997
berd_pct_gdp,2010,1.853794522,1.236833437,0.6671901455753682,-0.616961085
berd_pct_gdp,2015,2.007715871,1.548921229,0.7714842779165341,-0.45879464199999975
berd_pct_gdp,2021,2.698721152,1.831967792,0.6788281148062828,-0.8667533600000001
berd_pct_gdp,2023,2.65784495,2.002840061,0.7535579007345783,-0.6550048889999998
researchers_per_million,2010,3643.92768,898.85545,0.24667214306514448,-2745.0722299999998
researchers_per_million,2015,3949.66371,1162.7108,0.2943822272909407,-2786.95291
researchers_per_million,2021,4900.77179,1685.97511,0.34402236673011866,-3214.7966799999995
researchers_per_million,2023,,2107.27003,,
scopus_articles,2010,407405.92,307848.3,0.7556304041924575,-99557.62
scopus_articles,2015,429258.44,401135.63,0.9344851320803383,-28122.809999999998
scopus_articles,2021,471378.18,756203.38,1.6042392543498725,284825.2
scopus_articles,2023,430843.27,932711.93,2.1648520354048935,501868.66000000003
patents_resident,2010,241977.0,293066.0,1.211131636477847,51089.0
patents_resident,2015,288335.0,968252.0,3.3580800110982016,679917.0
patents_resident,2021,262244.0,1426644.0,5.440139717209926,1164400.0
patents_resident,2023,,,,
mva_pct_gdp,2010,11.9060799107128,31.0748956423241,2.6100022740787816,19.168815731611303
mva_pct_gdp,2015,11.6055807430427,28.3889960582852,2.4461504070189513,16.7834153152425
mva_pct_gdp,2021,10.5250313827085,26.621932558827,2.52939222609483,16.0969011761185
mva_pct_gdp,2023,,25.0144267929987,,
hitech_export_share,2010,22.6194775165319,32.1501169663397,1.4213465780914762,9.5306394498078
hitech_export_share,2015,21.3904480368657,30.4312672747562,1.4226568430127766,9.0408192378905
hitech_export_share,2021,19.9014614131792,30.2190732796596,1.518434885372179,10.317611866480402
hitech_export_share,2023,21.8459878355521,26.5682136542881,1.2161598667125073,4.722225818736
gdp_pc_ppp,2010,59797.0736545937,10476.1525652407,0.17519507101224016,-49320.921089353
gdp_pc_ppp,2015,64367.7188912582,14857.1088234405,0.23081614634409933,-49510.6100678177
gdp_pc_ppp,2021,71441.231980595,20843.2978347377,0.29175445687161716,-50597.934145857296
gdp_pc_ppp,2023,74351.6718197429,22687.2519534328,0.30513438902134493,-51664.4198663101
tfp_ctfp,2010,1.0,0.395049452781677,0.395049452781677,-0.604950547218323
tfp_ctfp,2015,1.0,0.414834350347519,0.414834350347519,-0.5851656496524811
tfp_ctfp,2021,1.0,0.466502696275711,0.466502696275711,-0.5334973037242889
tfp_ctfp,2023,1.0,0.470938354730606,0.470938354730606,-0.5290616452693939
semi_exports_hs8542,2010,37684147374.0,29608267071.0,0.7856955546094718,-8075880303.0
semi_exports_hs8542,2015,33477720332.0,,,
semi_exports_hs8542,2021,52816874085.0,154221191756.0,2.9199227411263786,101404317671.0
semi_exports_hs8542,2023,43556975377.0,136335025390.0,3.130038856233137,92778050013.0
