var,country,t0,t1,v0,v1,CAGR,abs_change
gerd_pct_gdp,USA,2010,2023,2.71443,3.44716,0.018552201823870185,0.7327299999999997
gerd_pct_gdp,CHN,2010,2023,1.68456,2.57729,0.03325117551001244,0.89273
gerd_pct_gdp,KOR,2010,2023,3.17913,4.94352,0.03454243263548329,1.7643900000000006
gerd_pct_gdp,JPN,2010,2023,3.10495,3.44125,0.00794192225149093,0.33630000000000004
gerd_pct_gdp,DEU,2010,2023,2.67632,3.1539,0.012710645718584601,0.4775800000000001
gerd_pct_gdp,GBR,2010,2023,1.63887,2.67614,0.03844110605723072,1.0372700000000001
gerd_pct_gdp,ISR,2010,2023,3.8421,6.34589,0.039353720581246865,2.50379
gerd_pct_gdp,FRA,2010,2023,2.17771,2.17832,2.1544196292522244e-05,0.0006099999999999994
berd_pct_gdp,USA,2010,2023,1.853794522,2.65784495,0.02810152573691438,0.8040504279999998
berd_pct_gdp,CHN,2010,2023,1.236833437,2.002840061,0.03777378604787751,0.7660066240000001
berd_pct_gdp,KOR,2010,2023,2.377976513,3.914864301,0.03909331346998335,1.536887788
berd_pct_gdp,JPN,2010,2023,2.375728195,2.723354212,0.010560004933123812,0.3476260169999996
berd_pct_gdp,DEU,2010,2023,1.794429617,2.142712985,0.013738562077192595,0.34828336800000015
berd_pct_gdp,GBR,2010,2023,0.99436887,1.932851385,0.05245592815766842,0.938482515
berd_pct_gdp,ISR,2010,2023,3.193452721,6.504264171,0.05624444275898988,3.31081145
berd_pct_gdp,FRA,2010,2023,1.375427698,1.437428863,0.0033973942607641305,0.06200116500000008
researchers_per_million,USA,2010,2022,3643.92768,4937.49441,0.025639501657984676,1293.5667300000005
researchers_per_million,CHN,2010,2023,898.85545,2107.27003,0.06773596597406506,1208.4145800000001
researchers_per_million,KOR,2010,2023,5429.43919,9471.82543,0.04373601671784977,4042.3862400000007
researchers_per_million,JPN,2010,2023,5117.18164,5608.63075,0.007078999268793851,491.4491100000005
researchers_per_million,DEU,2010,2023,4056.42386,5926.07432,0.029587749632105753,1869.6504599999998
researchers_per_million,GBR,2010,2017,4089.20558,4472.69458,0.01288810556768838,383.4890000000005
researchers_per_million,FRA,2010,2023,3849.5934,5368.63555,0.025915204497472866,1519.0421499999998
scopus_articles,USA,2010,2023,407405.92,430843.27,0.004311911686271985,23437.350000000035
scopus_articles,CHN,2010,2023,307848.3,932711.93,0.08900932321523847,624863.6300000001
scopus_articles,KOR,2010,2023,50064.7,71724.33,0.028040858294713367,21659.630000000005
scopus_articles,JPN,2010,2023,107213.21,96543.44,-0.008031146334396055,-10669.770000000004
scopus_articles,DEU,2010,2023,96129.0,108782.34,0.009557535498939895,12653.339999999997
scopus_articles,GBR,2010,2023,93217.93,97535.98,0.0034892464052258543,4318.050000000003
scopus_articles,ISR,2010,2023,10840.85,13844.24,0.018989422074867868,3003.3899999999994
scopus_articles,FRA,2010,2023,66841.36,62180.46,-0.005544667285052651,-4660.9000000000015
patents_resident,USA,2010,2021,241977.0,262244.0,0.007338860930630409,20267.0
patents_resident,CHN,2010,2021,293066.0,1426644.0,0.15474576928648043,1133578.0
patents_resident,KOR,2010,2021,131805.0,186245.0,0.031930024891041464,54440.0
patents_resident,JPN,2010,2021,290081.0,222452.0,-0.02384287158915177,-67629.0
patents_resident,DEU,2010,2021,47047.0,39822.0,-0.015042762644423724,-7225.0
patents_resident,GBR,2010,2021,15490.0,11592.0,-0.0260084755937805,-3898.0
patents_resident,ISR,2010,2021,1450.0,1592.0,0.00852958326463038,142.0
patents_resident,FRA,2010,2021,14748.0,13386.0,-0.00877023294786261,-1362.0
mva_pct_gdp,USA,2010,2021,11.9060799107128,10.5250313827085,-0.011145858135690356,-1.3810485280042997
mva_pct_gdp,CHN,2010,2023,31.0748956423241,25.0144267929987,-0.016549795160351155,-6.0604688493253995
mva_pct_gdp,KOR,2010,2023,28.0990056835275,25.4551420827792,-0.0075724466685567204,-2.6438636007483005
mva_pct_gdp,JPN,2010,2023,20.8748350451523,19.4882904000273,-0.005273015953543014,-1.3865446451249994
mva_pct_gdp,DEU,2010,2023,19.4277050847717,18.9402532641593,-0.0019527589476511231,-0.48745182061239944
mva_pct_gdp,GBR,2010,2023,9.44927062659089,8.22392851588786,-0.010626941540413992,-1.2253421107030302
mva_pct_gdp,ISR,2010,2023,14.043791039316,11.4833400691841,-0.015364063888506307,-2.5604509701318996
mva_pct_gdp,FRA,2010,2023,10.2775341468866,9.7687049703675,-0.003898263248561795,-0.5088291765191002
hitech_export_share,USA,2010,2023,22.6194775165319,21.8459878355521,-0.002672889953874935,-0.7734896809798002
hitech_export_share,CHN,2010,2023,32.1501169663397,26.5682136542881,-0.014562204458995365,-5.581903312051601
hitech_export_share,KOR,2010,2023,32.1343974843399,30.2762799912651,-0.004571247725094318,-1.8581174930748006
hitech_export_share,JPN,2010,2023,19.1226872782363,17.1028060703212,-0.008550381773868354,-2.0198812079150983
hitech_export_share,DEU,2010,2023,16.8896855327149,17.7818374796623,0.00396742315797316,0.8921519469474006
hitech_export_share,GBR,2010,2023,23.3036586296348,28.8917146113567,0.016671637867892608,5.588055981721901
hitech_export_share,ISR,2010,2023,19.3753611640664,34.9377735824443,0.04639535104405379,15.5624124183779
hitech_export_share,FRA,2010,2023,26.3233800074675,22.3835449721792,-0.012394199644820358,-3.939835035288297
gdp_pc_ppp,USA,2010,2023,59797.0736545937,74351.6718197429,0.01689884579166412,14554.598165149197
gdp_pc_ppp,CHN,2010,2023,10476.1525652407,22687.2519534328,0.061240589739509854,12211.099388192099
gdp_pc_ppp,KOR,2010,2023,39574.0500732947,54029.3434990785,0.024239395762040816,14455.293425783806
gdp_pc_ppp,JPN,2010,2023,41647.0458542008,47387.2172542523,0.00998195805200175,5740.1714000514985
gdp_pc_ppp,DEU,2010,2023,54826.255453315,63140.1949099669,0.010919835252827248,8313.939456651897
gdp_pc_ppp,GBR,2010,2023,47682.6525150443,53423.4226338292,0.008783087174508042,5740.770118784902
gdp_pc_ppp,ISR,2010,2023,37686.3420833543,47671.2476926086,0.018243703666779743,9984.905609254303
gdp_pc_ppp,FRA,2010,2023,49130.422942344,54296.7230897731,0.007720839461455409,5166.300147429101
tfp_ctfp,USA,2010,2023,1.0,1.0,0.0,0.0
tfp_ctfp,CHN,2010,2023,0.395049452781677,0.470938354730606,0.013608397279776918,0.075888901948929
tfp_ctfp,KOR,2010,2023,0.699791848659515,0.660838425159454,-0.004395967922267374,-0.038953423500061035
tfp_ctfp,JPN,2010,2023,0.69497412443161,0.639849066734314,-0.006336936277039462,-0.05512505769729603
tfp_ctfp,DEU,2010,2023,0.951706349849701,1.02178359031677,0.00548022843045648,0.07007724046706898
tfp_ctfp,GBR,2010,2023,0.883833110332489,0.834241688251495,-0.00443208007409901,-0.049591422080993985
tfp_ctfp,ISR,2010,2023,0.740368068218231,0.7236447930336,-0.0017559025490992974,-0.016723275184631015
tfp_ctfp,FRA,2010,2023,0.968885242938995,0.887171685695648,-0.006754596406854385,-0.08171355724334706
semi_exports_hs8542,USA,2010,2023,37684147374.0,43556975377.0,0.011203085764360354,5872828003.0
semi_exports_hs8542,CHN,2010,2023,29608267071.0,136335025390.0,0.12464370832537064,106726758319.0
semi_exports_hs8542,KOR,2010,2023,37904491607.0,86134555070.0,0.06517767821529818,48230063463.0
semi_exports_hs8542,JPN,2010,2023,34532077600.0,30788027604.499,-0.008789054393758877,-3744049995.5009995
semi_exports_hs8542,GBR,2010,2018,2487334957.0,1598431412.699,-0.05377380542875987,-888903544.3010001
semi_exports_hs8542,ISR,2010,2023,2358885000.0,4744453000.0,0.055223775136159725,2385568000.0
