,coef,se,t,p,ci_lo,ci_hi
pc1_lag1,-0.11795766649855383,0.0068595835257593074,-17.19603909706701,0.0,-0.13140245020904207,-0.10451288278806559
DEU,0.9343332937657394,0.020713959092677373,45.10645645216308,0.0,0.8937339339440917,0.974932653587387
FRA,0.7688117628908335,0.02675429020942094,28.73601791985172,0.0,0.7163733540803685,0.8212501717012985
GBR,0.659393778661709,0.022216470117677797,29.68040265483151,0.0,0.6158494972310605,0.7029380600923575
JPN,0.6876993799750208,0.032868924548425674,20.92247888919626,0.0,0.6232762878601066,0.7521224720899351
KOR,0.8726407087235852,0.03723771888120645,23.43432237370478,0.0,0.7996547797164206,0.9456266377307498
USA,0.8590261804650084,0.019003125951070236,45.204467026996106,0.0,0.8217800536009108,0.8962723073291061
2012,0.04734156447139563,0.02853746010933638,1.6589270485184928,0.1018050299074198,-0.008591857342903679,0.10327498628569493
2013,0.044103446802992274,0.028442659616905803,1.5506090990442392,0.1257064841853981,-0.0116441660461431,0.09985105965212765
2014,0.053540481250487895,0.02781214334883775,1.9250756972934022,0.058466547408809744,-0.000971319713234095,0.10805228221420989
2015,0.09119849186705534,0.02529286969515938,3.605699668176014,0.0005938220695014262,0.041624467264542955,0.14077251646956773
2016,0.09991344349680044,0.022797560997518573,4.3826374017674805,4.229711451508855e-05,0.05523022394166404,0.14459666305193683
2017,0.1018361655063769,0.023279024602851823,4.374589023541018,4.352764231163597e-05,0.056209277284787335,0.14746305372796648
2018,0.10986249023563074,0.020684894156295146,5.311242562108818,1.3344541176518732e-06,0.06932009768929226,0.15040488278196923
2019,0.13038320648450885,0.02254782648946811,5.782517731605292,2.1099745550756666e-07,0.08618946656515136,0.17457694640386634
2020,0.1367850729326205,0.025696613599997354,5.323077782227093,1.2748569497844642e-06,0.08641971027662568,0.1871504355886153
2021,0.15398176704641384,0.03019870602836591,5.098952481665188,3.0096297989334886e-06,0.09479230323081667,0.213171230862011
2022,0.16824550238612146,0.032579126226734735,5.1642116248058745,2.3468984475805144e-06,0.10439041498172139,0.23210058979052153
2023,0.17549489482763916,0.035287377297085205,4.9733051382692395,4.841829606805348e-06,0.10633163532535217,0.24465815432992616
