country_iso3,year,pc1_intensity
CHN,2010,-2.761251867942673
CHN,2011,-2.6059044077868068
CHN,2012,-2.393943449944515
CHN,2013,-2.2513163911880323
CHN,2014,-2.199984769608656
CHN,2015,-2.1433818988715694
CHN,2016,-2.0549993212394693
CHN,2017,-2.0178756683802996
CHN,2018,-1.9607364021584406
CHN,2019,-1.7846720439216974
CHN,2020,-1.5185812502575586
CHN,2021,-1.4497056143919087
CHN,2022,-1.2210098998778487
CHN,2023,-1.0197032266994501
DEU,2010,-0.5552780648736699
DEU,2011,-0.3995079531204917
DEU,2012,-0.23703680233083166
DEU,2013,-0.31181259121528015
DEU,2014,-0.25539940264618927
DEU,2015,-0.03191474308178125
DEU,2016,-0.009122223171223132
DEU,2017,0.2243008493698676
DEU,2018,0.3494606163024916
DEU,2019,0.49321653410344685
DEU,2020,0.3972182826786275
DEU,2021,0.42554606837267545
DEU,2022,0.4955705303393049
DEU,2023,0.6793431506967811
FRA,2010,-1.3834815168587675
FRA,2011,-1.3339735003061486
FRA,2012,-1.2287724918201892
FRA,2013,-1.1965287155564721
FRA,2014,-1.1413052708101759
FRA,2015,-1.1563101919335241
FRA,2016,-1.1231828274553928
FRA,2017,-1.1010187584274207
FRA,2018,-1.0617591640901298
FRA,2019,-1.0342824561829038
FRA,2020,-0.9003546260266192
FRA,2021,-0.9328960210793945
FRA,2022,-0.8793399529108422
FRA,2023,-0.8846802132606189
GBR,2010,-2.079956012837724
GBR,2011,-2.0651329162016996
GBR,2012,-2.1517489041492133
GBR,2013,-2.0376947048444154
GBR,2014,-0.9183980039605617
GBR,2015,-0.8439855777625698
GBR,2016,-0.7446827032717
GBR,2017,-0.7259676135103695
JPN,2010,0.6096102921672585
JPN,2011,0.7720650964494185
JPN,2012,0.693945688598622
JPN,2013,0.8682544022294771
JPN,2014,1.1024024880015435
JPN,2015,0.8899218204827272
JPN,2016,0.7072109916067614
JPN,2017,0.8230117147782804
JPN,2018,0.9254709332857938
JPN,2019,0.9271239495181325
JPN,2020,1.0052560431766244
JPN,2021,1.055557842218368
JPN,2022,1.2809436883229084
JPN,2023,1.3283575351684294
KOR,2010,0.7620161563606203
KOR,2011,1.3411530843130461
KOR,2012,1.8839657632454012
KOR,2013,2.0549226877595554
KOR,2014,2.335889696924635
KOR,2015,2.2073742978568736
KOR,2016,2.22105825858529
KOR,2017,2.822806194826249
KOR,2018,3.289128701649589
KOR,2019,3.54834206065343
KOR,2020,3.8220549718687638
KOR,2021,4.068197439826306
KOR,2022,4.560929985579004
KOR,2023,4.707309401595132
USA,2010,-0.5929360156337299
USA,2011,-0.5139483047842791
USA,2012,-0.5946653527434899
USA,2013,-0.5075573636366122
USA,2014,-0.446546522565123
USA,2015,-0.32086158839484524
USA,2016,-0.2255222888182156
USA,2017,-0.1096459179013531
USA,2018,0.14504190219869614
USA,2019,0.40738766442491925
USA,2020,0.8927153774591092
USA,2021,1.121983638987119
USA,2022,1.174207688461629
