var,country,slope_per_year,se,p,n
gerd_pct_gdp,USA,0.07220549450549432,0.008399801642032271,1.7881996465796135e-06,14
gerd_pct_gdp,CHN,0.062405714285714224,0.0035544524697934707,6.346816405766731e-10,14
gerd_pct_gdp,DIFF_CHN_minus_USA_slope,-0.009799780219779989,0.009120899077695633,0.29331329646400905,28
researchers_per_million,USA,106.4056356593406,11.095411584647044,1.1214183608387884e-06,13
researchers_per_million,CHN,82.01761342857138,7.084516507681579,7.205629493078902e-08,14
researchers_per_million,DIFF_CHN_minus_USA_slope,-24.388022230769177,12.841308403797953,0.07015400788044035,27
scopus_articles,USA,2894.0826593406505,680.8926452494305,0.0011264582194701056,14
scopus_articles,CHN,48274.181494505465,4527.85426095878,1.7847764111067477e-07,14
scopus_articles,DIFF_CHN_minus_USA_slope,45380.09883516481,4578.763916477607,5.851648054999714e-10,28
mva_pct_gdp,USA,-0.1358242913168339,0.013475457589575506,1.4783599404655234e-06,12
mva_pct_gdp,CHN,-0.5108904325578114,0.03924182514722365,1.9403983753107923e-08,14
mva_pct_gdp,DIFF_CHN_minus_USA_slope,-0.37506614124097654,0.048069470778634105,8.915318461255595e-08,26
hitech_export_share,USA,-0.08515434167415314,0.0846331470327574,0.334197583253524,14
hitech_export_share,CHN,-0.22202027679276418,0.08141312149258152,0.018365437788857797,14
hitech_export_share,DIFF_CHN_minus_USA_slope,-0.13686593511860592,0.11743451761656008,0.2552832776041085,28
tfp_ctfp,USA,-3.6169428514649995e-17,2.0158126257179357e-17,0.09798127478750485,14
tfp_ctfp,CHN,0.006293395783874979,0.00045240716175007855,9.173113380001041e-09,14
tfp_ctfp,DIFF_CHN_minus_USA_slope,0.00629339578387499,0.000452407161750078,5.537792446830281e-13,28
gdp_pc_ppp,USA,1098.9117051682726,59.87448580147255,3.7934766439207124e-10,14
gdp_pc_ppp,CHN,932.8479833505899,12.522740863511634,0.0,14
gdp_pc_ppp,DIFF_CHN_minus_USA_slope,-166.06372181768967,61.17003423838693,0.012089329037928698,28
