country_iso3,period,flow,cmdCode,primaryValue
USA,2023,X,8542,43556975377.0
JPN,2023,X,8542,30788027604.499
DEU,2023,X,8542,21846740741.74
DEU,2023,X,8542,21837317119.834
DEU,2023,X,8542,9423621.906
DEU,2023,X,8542,21846740741.74
DEU,2023,X,8542,21837317119.834
DEU,2023,X,8542,9423621.906
GBR,2023,X,8542,299081.867
GBR,2023,X,8542,117371.576
GBR,2023,X,8542,331361.226
GBR,2023,X,8542,9903612.96
GBR,2023,X,8542,50677.474
GBR,2023,X,8542,12574645.978
GBR,2023,X,8542,24430.142
GBR,2023,X,8542,20471.353
GBR,2023,X,8542,1113.681
GBR,2023,X,8542,591561.194
GBR,2023,X,8542,39116.815
GBR,2023,X,8542,6786011.112
GBR,2023,X,8542,385510.253
GBR,2023,X,8542,9269608.821
GBR,2023,X,8542,145628.755
GBR,2023,X,8542,32792.696
GBR,2023,X,8542,33454599.377
GBR,2023,X,8542,3460459.099
GBR,2023,X,8542,80627.548
GBR,2023,X,8542,10083511.032
GBR,2023,X,8542,824152.803
GBR,2023,X,8542,41040.899
GBR,2023,X,8542,5649.198
GBR,2023,X,8542,4774.163
GBR,2023,X,8542,114419.574
GBR,2023,X,8542,103103.776
GBR,2023,X,8542,810282.747
GBR,2023,X,8542,10508238.78
GBR,2023,X,8542,1386267.317
GBR,2023,X,8542,82608.807
GBR,2023,X,8542,360104.397
GBR,2023,X,8542,280046.119
GBR,2023,X,8542,3062627.502
GBR,2023,X,8542,119826.398
GBR,2023,X,8542,92037031.214
GBR,2023,X,8542,8654.647
GBR,2023,X,8542,3278.897
GBR,2023,X,8542,3302.513
GBR,2023,X,8542,3610.764
GBR,2023,X,8542,2212917.203
GBR,2023,X,8542,54421.233
GBR,2023,X,8542,81385.747
GBR,2023,X,8542,22013.851
GBR,2023,X,8542,39420.095
GBR,2023,X,8542,2139186.773
GBR,2023,X,8542,134040.751
GBR,2023,X,8542,16555286.256
GBR,2023,X,8542,68728347.557
GBR,2023,X,8542,468303.017
GBR,2023,X,8542,166436812.345
GBR,2023,X,8542,58358.893
GBR,2023,X,8542,2405.104
GBR,2023,X,8542,2983.075
GBR,2023,X,8542,11617.835
GBR,2023,X,8542,1367.243
GBR,2023,X,8542,13226602.014
GBR,2023,X,8542,9118245.104
GBR,2023,X,8542,7987.184
GBR,2023,X,8542,32953.036
GBR,2023,X,8542,40063.942
GBR,2023,X,8542,12500399.725
GBR,2023,X,8542,12756.375
GBR,2023,X,8542,155896.748
GBR,2023,X,8542,590217.568
GBR,2023,X,8542,1251.649
GBR,2023,X,8542,989355.502
GBR,2023,X,8542,156105.563
GBR,2023,X,8542,5565.921
GBR,2023,X,8542,6490966.34
GBR,2023,X,8542,6071706.321
GBR,2023,X,8542,4108574.425
GBR,2023,X,8542,175048.09
GBR,2023,X,8542,80831.392
GBR,2023,X,8542,8816.23
GBR,2023,X,8542,6501030.49
GBR,2023,X,8542,7165.595
GBR,2023,X,8542,11136.814
GBR,2023,X,8542,1630.748
GBR,2023,X,8542,8752.84
GBR,2023,X,8542,22110.801
GBR,2023,X,8542,243894.978
GBR,2023,X,8542,14633560.686
GBR,2023,X,8542,332018.745
GBR,2023,X,8542,371627.768
GBR,2023,X,8542,6390624.394
GBR,2023,X,8542,70902.723
GBR,2023,X,8542,831793.204
GBR,2023,X,8542,277106.547
GBR,2023,X,8542,4728220.029
GBR,2023,X,8542,29203.062
GBR,2023,X,8542,18134.611
GBR,2023,X,8542,4218.565
GBR,2023,X,8542,1436.848
GBR,2023,X,8542,3076.296
GBR,2023,X,8542,56262981.564
GBR,2023,X,8542,71170889.453
GBR,2023,X,8542,230466.168
GBR,2023,X,8542,969469.578
GBR,2023,X,8542,16453200.454
GBR,2023,X,8542,207096062.623
GBR,2023,X,8542,12963.947
GBR,2023,X,8542,1814.704
GBR,2023,X,8542,4552.918
GBR,2023,X,8542,32672.13
GBR,2023,X,8542,1329924070.061
GBR,2023,X,8542,8415328.202
GBR,2023,X,8542,57143847.597
GBR,2023,X,8542,45803.875
GBR,2023,X,8542,8402033.631
GBR,2023,X,8542,229067927.16
GBR,2023,X,8542,117965.705
GBR,2023,X,8542,450126.146
GBR,2023,X,8542,146056.329
GBR,2023,X,8542,2580.36
GBR,2023,X,8542,1639.448
GBR,2023,X,8542,29083.739
GBR,2023,X,8542,154229.955
GBR,2023,X,8542,1580763.814
GBR,2023,X,8542,7225807.117
GBR,2023,X,8542,66513452.824
GBR,2023,X,8542,19448.407
GBR,2023,X,8542,14400449.525
GBR,2023,X,8542,12195898.605
GBR,2023,X,8542,7615400.455
GBR,2023,X,8542,41955.708
GBR,2023,X,8542,5473.943
GBR,2023,X,8542,29585.89
GBR,2023,X,8542,7542.208
GBR,2023,X,8542,51351.152
GBR,2023,X,8542,2943.301
GBR,2023,X,8542,50851.487
GBR,2023,X,8542,38900.542
GBR,2023,X,8542,104023.558
GBR,2023,X,8542,1961937.422
GBR,2023,X,8542,15255991.736
GBR,2023,X,8542,25335.008
GBR,2023,X,8542,60939.253
GBR,2023,X,8542,138106.434
GBR,2023,X,8542,9554.541
GBR,2023,X,8542,3574.718
GBR,2023,X,8542,1648.149
GBR,2023,X,8542,453191.256
GBR,2023,X,8542,1121.139
GBR,2023,X,8542,2993.019
GBR,2023,X,8542,21086.612
GBR,2023,X,8542,16961.268
GBR,2023,X,8542,283999.936
GBR,2023,X,8542,51409.571
GBR,2023,X,8542,1271906.162
GBR,2023,X,8542,50844.029
GBR,2023,X,8542,1043303.173
GBR,2023,X,8542,31400.594
GBR,2023,X,8542,3052.68
GBR,2023,X,8542,424639.498
GBR,2023,X,8542,8046.845
GBR,2023,X,8542,53264.049
GBR,2023,X,8542,33149.422
ISR,2023,X,8542,4744453000.0
