country_iso3,year,value_usd,flow_code,partner_code,cmd_code,classification,source_url
USA,2010,37684147374.0,X,0,8542,H3,https://comtradeapi.un.org/public/v1/preview/C/A/HS?period=2010&reporterCode=842&flowCode=X&partnerCode=0&cmdCode=8542&maxRecords=10
USA,2011,35781737127.0,X,0,8542,H3,https://comtradeapi.un.org/public/v1/preview/C/A/HS?period=2011&reporterCode=842&flowCode=X&partnerCode=0&cmdCode=8542&maxRecords=10
USA,2012,34385747732.0,X,0,8542,H4,https://comtradeapi.un.org/public/v1/preview/C/A/HS?period=2012&reporterCode=842&flowCode=X&partnerCode=0&cmdCode=8542&maxRecords=10
USA,2013,34544513963.0,X,0,8542,H4,https://comtradeapi.un.org/public/v1/preview/C/A/HS?period=2013&reporterCode=842&flowCode=X&partnerCode=0&cmdCode=8542&maxRecords=10
USA,2014,34475973514.0,X,0,8542,H4,https://comtradeapi.un.org/public/v1/preview/C/A/HS?period=2014&reporterCode=842&flowCode=X&partnerCode=0&cmdCode=8542&maxRecords=10
USA,2015,33477720332.0,X,0,8542,H4,https://comtradeapi.un.org/public/v1/preview/C/A/HS?period=2015&reporterCode=842&flowCode=X&partnerCode=0&cmdCode=8542&maxRecords=10
USA,2016,34772139022.0,X,0,8542,H4,https://comtradeapi.un.org/public/v1/preview/C/A/HS?period=2016&reporterCode=842&flowCode=X&partnerCode=0&cmdCode=8542&maxRecords=10
USA,2017,37990061851.0,X,0,8542,H5,https://comtradeapi.un.org/public/v1/preview/C/A/HS?period=2017&reporterCode=842&flowCode=X&partnerCode=0&cmdCode=8542&maxRecords=10
USA,2018,37691624085.0,X,0,8542,H5,https://comtradeapi.un.org/public/v1/preview/C/A/HS?period=2018&reporterCode=842&flowCode=X&partnerCode=0&cmdCode=8542&maxRecords=10
USA,2019,40099507189.0,X,0,8542,H5,https://comtradeapi.un.org/public/v1/preview/C/A/HS?period=2019&reporterCode=842&flowCode=X&partnerCode=0&cmdCode=8542&maxRecords=10
USA,2020,44212664301.0,X,0,8542,H5,https://comtradeapi.un.org/public/v1/preview/C/A/HS?period=2020&reporterCode=842&flowCode=X&partnerCode=0&cmdCode=8542&maxRecords=10
USA,2021,52816874085.0,X,0,8542,H5,https://comtradeapi.un.org/public/v1/preview/C/A/HS?period=2021&reporterCode=842&flowCode=X&partnerCode=0&cmdCode=8542&maxRecords=10
USA,2022,51623041691.0,X,0,8542,H6,https://comtradeapi.un.org/public/v1/preview/C/A/HS?period=2022&reporterCode=842&flowCode=X&partnerCode=0&cmdCode=8542&maxRecords=10
USA,2023,43556975377.0,X,0,8542,H6,https://comtradeapi.un.org/public/v1/preview/C/A/HS?period=2023&reporterCode=842&flowCode=X&partnerCode=0&cmdCode=8542&maxRecords=10
USA,2024,50634521686.0,X,0,8542,H6,https://comtradeapi.un.org/public/v1/preview/C/A/HS?period=2024&reporterCode=842&flowCode=X&partnerCode=0&cmdCode=8542&maxRecords=10
