country_iso3,year,value
CHN,2000,0.530108994
CHN,2001,0.561737845
CHN,2002,0.638867782
CHN,2003,0.688950066
CHN,2004,0.800088901
CHN,2005,0.8813832
CHN,2006,0.959005681
CHN,2007,0.978169062
CHN,2008,1.042707986
CHN,2009,1.198404554
CHN,2010,1.236833437
CHN,2011,1.32726099
CHN,2012,1.432345054
CHN,2013,1.503468722
CHN,2014,1.534141207
CHN,2015,1.548921229
CHN,2016,1.595385055
CHN,2017,1.612049073
CHN,2018,1.627517088
CHN,2019,1.682299898
CHN,2020,1.804458282
CHN,2021,1.831967792
CHN,2022,1.935008317
CHN,2023,2.002840061
CHN,2024,2.091170674
DEU,2000,1.671628335
DEU,2001,1.654812278
DEU,2002,1.661899108
DEU,2003,1.697109527
DEU,2004,1.673019223
DEU,2005,1.661902731
DEU,2006,1.695999472
DEU,2007,1.692772459
DEU,2008,1.779374961
DEU,2009,1.815378693
DEU,2010,1.794429617
DEU,2011,1.859442064
DEU,2012,1.921569118
DEU,2013,1.868710056
DEU,2014,1.909769574
DEU,2015,1.974454411
DEU,2016,1.966255739
DEU,2017,2.063757272
DEU,2018,2.099611826
DEU,2019,2.143748869
DEU,2020,2.058468957
DEU,2021,2.057418826
DEU,2022,2.050674038
DEU,2023,2.142712985
DEU,2024,2.136974846
FRA,2000,1.31307722
FRA,2001,1.358247517
FRA,2002,1.383656426
FRA,2003,1.334279202
FRA,2004,1.327945321
FRA,2005,1.277101006
FRA,2006,1.295249219
FRA,2007,1.277311431
FRA,2008,1.294533351
FRA,2009,1.365088544
FRA,2010,1.375427698
FRA,2011,1.39906022
FRA,2012,1.43856684
FRA,2013,1.442669493
FRA,2014,1.445521154
FRA,2015,1.438379122
FRA,2016,1.448397791
FRA,2017,1.440825106
FRA,2018,1.444490844
FRA,2019,1.44808328
FRA,2020,1.493562394
FRA,2021,1.454395572
FRA,2022,1.46815852
FRA,2023,1.437428863
FRA,2024,1.43860257
GBR,2000,1.041821172
GBR,2001,1.041074554
GBR,2002,1.043748525
GBR,2003,1.00410138
GBR,2004,0.954524117
GBR,2005,0.948484553
GBR,2006,0.967850184
GBR,2007,1.007308228
GBR,2008,0.992128513
GBR,2009,1.001920604
GBR,2010,0.99436887
GBR,2011,1.042441518
GBR,2012,0.993588924
GBR,2013,1.031137931
GBR,2014,1.680954164
GBR,2015,1.719539672
GBR,2016,1.77657619
GBR,2017,1.780212109
GBR,2018,1.887722139
GBR,2019,1.872380392
GBR,2020,2.070625777
GBR,2021,2.020492093
GBR,2022,1.96986806
GBR,2023,1.932851385
GBR,2024,1.923935124
ISR,2000,3.070946162
ISR,2001,3.278334071
ISR,2002,3.199220713
ISR,2003,2.9533003
ISR,2004,3.008761578
ISR,2005,3.191342309
ISR,2006,3.289036697
ISR,2007,3.605404557
ISR,2008,3.52630068
ISR,2009,3.360947514
ISR,2010,3.193452721
ISR,2011,3.285731951
ISR,2012,3.425579916
ISR,2013,3.488488095
ISR,2014,3.601168798
ISR,2015,3.707141072
ISR,2016,4.003084874
ISR,2017,4.525677994
ISR,2018,4.862289928
ISR,2019,5.233256679
ISR,2020,5.79030111
ISR,2021,5.820816695
ISR,2022,6.224772035
ISR,2023,6.504264171
ISR,2024,6.344755006
JPN,2000,2.028363089
JPN,2001,2.153846892
JPN,2002,2.207304129
JPN,2003,2.244206809
JPN,2004,2.241642581
JPN,2005,2.393514857
JPN,2006,2.490308877
JPN,2007,2.564602693
JPN,2008,2.583149528
JPN,2009,2.421279901
JPN,2010,2.375728195
JPN,2011,2.466942434
JPN,2012,2.431786262
JPN,2013,2.494975433
JPN,2014,2.61874941
JPN,2015,2.543666059
JPN,2016,2.446575512
JPN,2017,2.494950576
JPN,2018,2.556745674
JPN,2019,2.547372268
JPN,2020,2.56850287
JPN,2021,2.57191544
JPN,2022,2.699460666
JPN,2023,2.723354212
JPN,2024,2.85910792
KOR,2000,1.517561089
KOR,2001,1.675063745
KOR,2002,1.595542146
KOR,2003,1.671407192
KOR,2004,1.805077542
KOR,2005,1.865424038
KOR,2006,2.020419194
KOR,2007,2.103483848
KOR,2008,2.161317918
KOR,2009,2.243745378
KOR,2010,2.377976513
KOR,2011,2.635919819
KOR,2012,2.872577227
KOR,2013,2.963828638
KOR,2014,3.042717576
KOR,2015,2.937564655
KOR,2016,2.943354519
KOR,2017,3.234533681
KOR,2018,3.429761182
KOR,2019,3.504207677
KOR,2020,3.575466399
KOR,2021,3.636849476
KOR,2022,3.848094159
KOR,2023,3.914864301
KOR,2024,4.173045975
USA,2000,1.950657851
USA,2001,1.909075368
USA,2002,1.773868462
USA,2003,1.752061066
USA,2004,1.70498206
USA,2005,1.734454967
USA,2006,1.792678601
USA,2007,1.860320288
USA,2008,1.968061719
USA,2009,1.95048828
USA,2010,1.853794522
USA,2011,1.885237516
USA,2012,1.859551851
USA,2013,1.910633592
USA,2014,1.9350598
USA,2015,2.007715871
USA,2016,2.075712874
USA,2017,2.124203719
USA,2018,2.216545133
USA,2019,2.360354804
USA,2020,2.595250093
USA,2021,2.698721152
USA,2022,2.729052136
USA,2023,2.65784495
USA,2024,2.667761121
