country_iso3,year,rgdpe
CHN,1952,254861.859375
CHN,1953,273109.09375
CHN,1954,281119.875
CHN,1955,298235.5
CHN,1956,327788.0
CHN,1957,343889.875
CHN,1958,384154.78125
CHN,1959,386880.09375
CHN,1960,377860.4375
CHN,1961,324959.0625
CHN,1962,332428.03125
CHN,1963,352629.84375
CHN,1964,395619.84375
CHN,1965,442058.1875
CHN,1966,477380.25
CHN,1967,474682.03125
CHN,1968,460331.1875
CHN,1969,505722.71875
CHN,1970,555835.75
CHN,1971,597974.375
CHN,1972,619575.75
CHN,1973,666225.0625
CHN,1974,682645.125
CHN,1975,729184.5625
CHN,1976,717571.8125
CHN,1977,773411.6875
CHN,1978,870626.25
CHN,1979,920240.5625
CHN,1980,976120.8125
CHN,1981,1006404.4375
CHN,1982,1085817.375
CHN,1983,1203111.75
CHN,1984,1398717.625
CHN,1985,1597070.5
CHN,1986,1702933.875
CHN,1987,1872639.375
CHN,1988,2046669.125
CHN,1989,2117340.0
CHN,1990,2231913.0
CHN,1991,2462458.75
CHN,1992,2807116.5
CHN,1993,3149965.75
CHN,1994,3541243.5
CHN,1995,3900627.5
CHN,1996,4297152.5
CHN,1997,4669251.0
CHN,1998,5063926.0
CHN,1999,5489099.0
CHN,2000,5985309.5
CHN,2001,6520996.5
CHN,2002,7119989.0
CHN,2003,7792220.0
CHN,2004,8640414.0
CHN,2005,9890539.0
CHN,2006,10778327.0
CHN,2007,11919245.0
CHN,2008,12685565.0
CHN,2009,13676858.0
CHN,2010,15095605.0
CHN,2011,16329355.0
CHN,2012,17410208.0
CHN,2013,18091038.0
CHN,2014,19092806.0
CHN,2015,20095396.0
CHN,2016,21125002.0
CHN,2017,22242982.0
CHN,2018,23692778.0
CHN,2019,25296168.0
CHN,2020,25899170.0
CHN,2021,28254862.0
CHN,2022,29195480.0
CHN,2023,30590320.0
DEU,1950,391458.8125
DEU,1951,429526.03125
DEU,1952,474732.5
DEU,1953,518956.90625
DEU,1954,562100.3125
DEU,1955,637500.5625
DEU,1956,687103.125
DEU,1957,727130.625
DEU,1958,759614.4375
DEU,1959,823462.125
DEU,1960,901714.0625
DEU,1961,940637.5
DEU,1962,979229.875
DEU,1963,1000551.3125
DEU,1964,1074843.375
DEU,1965,1128441.75
DEU,1966,1162646.625
DEU,1967,1157884.5
DEU,1968,1223727.625
DEU,1969,1318964.25
DEU,1970,1406339.625
DEU,1971,1460322.125
DEU,1972,1534875.625
DEU,1973,1614309.625
DEU,1974,1619257.375
DEU,1975,1631517.125
DEU,1976,1715663.25
DEU,1977,1780371.75
DEU,1978,1856146.875
DEU,1979,1929379.25
DEU,1980,1930710.125
DEU,1981,1865626.25
DEU,1982,1829822.625
DEU,1983,1836717.375
DEU,1984,1847189.875
DEU,1985,1858648.5
DEU,1986,1987612.375
DEU,1987,2063495.375
DEU,1988,2173668.5
DEU,1989,2283725.5
DEU,1990,2449806.0
DEU,1991,2602268.25
DEU,1992,2707245.75
DEU,1993,2724812.25
DEU,1994,2841783.5
DEU,1995,2934607.75
DEU,1996,2975042.0
DEU,1997,3078771.25
DEU,1998,3208453.25
DEU,1999,3336879.0
DEU,2000,3374667.25
DEU,2001,3429975.25
DEU,2002,3420399.75
DEU,2003,3430270.0
DEU,2004,3491848.0
DEU,2005,3522758.5
DEU,2006,3682467.25
DEU,2007,3865585.0
DEU,2008,3940595.0
DEU,2009,3788199.75
DEU,2010,3989083.0
DEU,2011,4195223.0
DEU,2012,4219334.0
DEU,2013,4192691.0
DEU,2014,4314204.5
DEU,2015,4420293.5
DEU,2016,4579976.0
DEU,2017,4755894.0
DEU,2018,4840361.5
DEU,2019,5037171.5
DEU,2020,4881379.5
DEU,2021,5001540.5
DEU,2022,5004375.5
DEU,2023,5060520.0
FRA,1950,358704.78125
FRA,1951,374942.90625
FRA,1952,387427.625
FRA,1953,406084.28125
FRA,1954,428467.78125
FRA,1955,452064.125
FRA,1956,475212.9375
FRA,1957,501723.09375
FRA,1958,517120.375
FRA,1959,535094.5625
FRA,1960,579026.625
FRA,1961,607742.125
FRA,1962,647667.125
FRA,1963,688960.75
FRA,1964,736215.1875
FRA,1965,771066.9375
FRA,1966,812159.8125
FRA,1967,853268.5625
FRA,1968,890594.6875
FRA,1969,954881.5625
FRA,1970,1010720.1875
FRA,1971,1071620.5
FRA,1972,1131958.75
FRA,1973,1219119.0
FRA,1974,1249451.375
FRA,1975,1253032.875
FRA,1976,1313959.875
FRA,1977,1365644.5
FRA,1978,1439182.625
FRA,1979,1499104.125
FRA,1980,1512517.625
FRA,1981,1467545.375
FRA,1982,1465335.0
FRA,1983,1451067.375
FRA,1984,1432806.75
FRA,1985,1422995.25
FRA,1986,1493138.125
FRA,1987,1536555.75
FRA,1988,1624697.5
FRA,1989,1697365.75
FRA,1990,1752421.75
FRA,1991,1770983.5
FRA,1992,1801769.5
FRA,1993,1795924.75
FRA,1994,1844189.875
FRA,1995,1889151.0
FRA,1996,1921456.75
FRA,1997,2038836.75
FRA,1998,2174188.25
FRA,1999,2257527.5
FRA,2000,2387058.5
FRA,2001,2474442.0
FRA,2002,2516460.75
FRA,2003,2397495.25
FRA,2004,2467092.75
FRA,2005,2519720.25
FRA,2006,2614524.25
FRA,2007,2775842.0
FRA,2008,2820596.75
FRA,2009,2796821.75
FRA,2010,2870613.25
FRA,2011,2977157.75
FRA,2012,3002521.5
FRA,2013,2978669.0
FRA,2014,2989263.75
FRA,2015,3062349.5
FRA,2016,3121818.5
FRA,2017,3189251.0
FRA,2018,3241286.25
FRA,2019,3547725.5
FRA,2020,3354157.5
FRA,2021,3491557.75
FRA,2022,3534123.75
FRA,2023,3569986.75
GBR,1950,557527.875
GBR,1951,565491.3125
GBR,1952,572660.0625
GBR,1953,606508.6875
GBR,1954,629196.75
GBR,1955,653489.5625
GBR,1956,671433.9375
GBR,1957,684438.625
GBR,1958,692320.4375
GBR,1959,716279.0
GBR,1960,748998.875
GBR,1961,769423.125
GBR,1962,781562.4375
GBR,1963,810494.6875
GBR,1964,858418.6875
GBR,1965,882906.5
GBR,1966,904063.875
GBR,1967,926286.25
GBR,1968,959480.6875
GBR,1969,979589.9375
GBR,1970,1007798.25
GBR,1971,1027146.4375
GBR,1972,1063448.125
GBR,1973,1115246.375
GBR,1974,1045917.6875
GBR,1975,1045515.75
GBR,1976,1092530.375
GBR,1977,1147327.625
GBR,1978,1236602.5
GBR,1979,1312295.25
GBR,1980,1342998.25
GBR,1981,1316130.875
GBR,1982,1317350.875
GBR,1983,1348269.5
GBR,1984,1360356.75
GBR,1985,1398120.125
GBR,1986,1441136.0
GBR,1987,1524245.0
GBR,1988,1620371.75
GBR,1989,1679416.0
GBR,1990,1719683.625
GBR,1991,1701407.25
GBR,1992,1721071.25
GBR,1993,1787172.875
GBR,1994,1859115.125
GBR,1995,2064254.0
GBR,1996,2176894.75
GBR,1997,2326853.75
GBR,1998,2430664.0
GBR,1999,2532114.75
GBR,2000,2676896.0
GBR,2001,2763034.75
GBR,2002,2766567.5
GBR,2003,2785531.5
GBR,2004,2889667.5
GBR,2005,2920621.0
GBR,2006,3009524.0
GBR,2007,3051907.5
GBR,2008,3020880.75
GBR,2009,2885490.0
GBR,2010,2833145.0
GBR,2011,2847354.0
GBR,2012,2931476.0
GBR,2013,2972857.25
GBR,2014,3035732.75
GBR,2015,3193091.75
GBR,2016,3268272.0
GBR,2017,3363929.75
GBR,2018,3344201.25
GBR,2019,3504372.25
GBR,2020,3305258.0
GBR,2021,3464994.75
GBR,2022,3576412.25
GBR,2023,3606369.25
ISR,1950,9298.74609375
ISR,1951,11763.8369140625
ISR,1952,10752.103515625
ISR,1953,10734.5283203125
ISR,1954,12580.9267578125
ISR,1955,13956.01171875
ISR,1956,15490.53125
ISR,1957,16643.958984375
ISR,1958,18235.142578125
ISR,1959,20398.130859375
ISR,1960,21728.751953125
ISR,1961,24650.416015625
ISR,1962,25851.03125
ISR,1963,28754.6640625
ISR,1964,31598.16015625
ISR,1965,32187.578125
ISR,1966,35492.859375
ISR,1967,34627.421875
ISR,1968,36011.6484375
ISR,1969,41402.0703125
ISR,1970,46215.60546875
ISR,1971,51360.48046875
ISR,1972,56880.9765625
ISR,1973,61542.65234375
ISR,1974,64343.91015625
ISR,1975,65922.9609375
ISR,1976,66694.75
ISR,1977,67044.1015625
ISR,1978,69018.46875
ISR,1979,71874.3515625
ISR,1980,72675.703125
ISR,1981,77181.21875
ISR,1982,80870.2578125
ISR,1983,85841.890625
ISR,1984,85982.8125
ISR,1985,88354.8671875
ISR,1986,94029.6640625
ISR,1987,101657.5234375
ISR,1988,107203.34375
ISR,1989,106372.7265625
ISR,1990,116715.828125
ISR,1991,130339.984375
ISR,1992,141905.421875
ISR,1993,149657.578125
ISR,1994,162279.671875
ISR,1995,180442.375
ISR,1996,196272.65625
ISR,1997,206145.34375
ISR,1998,216430.296875
ISR,1999,226606.96875
ISR,2000,247812.203125
ISR,2001,252233.296875
ISR,2002,254805.171875
ISR,2003,244405.421875
ISR,2004,242607.03125
ISR,2005,241841.6875
ISR,2006,248146.90625
ISR,2007,254807.921875
ISR,2008,254101.1875
ISR,2009,265479.40625
ISR,2010,281240.875
ISR,2011,297070.0625
ISR,2012,312071.59375
ISR,2013,325824.53125
ISR,2014,329724.0625
ISR,2015,341821.84375
ISR,2016,368071.125
ISR,2017,378663.65625
ISR,2018,376803.03125
ISR,2019,390987.5
ISR,2020,385369.03125
ISR,2021,423735.1875
ISR,2022,451581.875
ISR,2023,457309.5625
JPN,1950,275786.5625
JPN,1951,306800.375
JPN,1952,335917.8125
JPN,1953,352598.03125
JPN,1954,374531.625
JPN,1955,405605.9375
JPN,1956,432569.96875
JPN,1957,460860.4375
JPN,1958,502133.90625
JPN,1959,551325.3125
JPN,1960,622744.3125
JPN,1961,689743.5
JPN,1962,757239.9375
JPN,1963,821343.5
JPN,1964,916018.75
JPN,1965,976342.875
JPN,1966,1075186.375
JPN,1967,1187611.0
JPN,1968,1336570.25
JPN,1969,1497767.75
JPN,1970,1656064.375
JPN,1971,1766845.0
JPN,1972,1929993.25
JPN,1973,2079663.25
JPN,1974,2023085.875
JPN,1975,2099740.0
JPN,1976,2232799.0
JPN,1977,2381989.25
JPN,1978,2581526.75
JPN,1979,2722182.0
JPN,1980,2796295.75
JPN,1981,2787704.25
JPN,1982,2736163.5
JPN,1983,2690529.25
JPN,1984,2703964.5
JPN,1985,2763520.75
JPN,1986,2958267.25
JPN,1987,3150152.25
JPN,1988,3469540.0
JPN,1989,3757369.0
JPN,1990,4046020.5
JPN,1991,4307417.5
JPN,1992,4463374.0
JPN,1993,4593764.5
JPN,1994,4674152.0
JPN,1995,4946759.5
JPN,1996,5258580.0
JPN,1997,5266408.0
JPN,1998,5188714.5
JPN,1999,5131489.5
JPN,2000,5264667.5
JPN,2001,5299230.0
JPN,2002,5303337.5
JPN,2003,5373061.0
JPN,2004,5475032.0
JPN,2005,5544842.0
JPN,2006,5619079.0
JPN,2007,5721867.5
JPN,2008,5611646.0
JPN,2009,5372873.0
JPN,2010,5568566.5
JPN,2011,5527307.5
JPN,2012,5578679.0
JPN,2013,5612847.0
JPN,2014,5506011.5
JPN,2015,5667116.5
JPN,2016,5581832.5
JPN,2017,5567545.0
JPN,2018,5523070.5
JPN,2019,5515624.0
JPN,2020,5335586.5
JPN,2021,5337506.5
JPN,2022,5243242.5
JPN,2023,5393180.5
KOR,1953,26509.615234375
KOR,1954,27152.990234375
KOR,1955,29181.66796875
KOR,1956,29490.7265625
KOR,1957,32687.55859375
KOR,1958,33699.83203125
KOR,1959,34080.2109375
KOR,1960,34090.42578125
KOR,1961,35809.890625
KOR,1962,36244.515625
KOR,1963,41116.86328125
KOR,1964,44594.98046875
KOR,1965,46800.58984375
KOR,1966,52793.92578125
KOR,1967,55943.453125
KOR,1968,62500.390625
KOR,1969,71772.34375
KOR,1970,78553.421875
KOR,1971,92014.5
KOR,1972,105210.9296875
KOR,1973,128407.640625
KOR,1974,145888.703125
KOR,1975,167891.875
KOR,1976,189679.75
KOR,1977,208804.40625
KOR,1978,228151.28125
KOR,1979,239219.890625
KOR,1980,218522.578125
KOR,1981,231217.65625
KOR,1982,251983.890625
KOR,1983,286419.96875
KOR,1984,317002.28125
KOR,1985,339696.375
KOR,1986,392296.09375
KOR,1987,453919.4375
KOR,1988,520179.34375
KOR,1989,574235.3125
KOR,1990,642726.75
KOR,1991,732588.625
KOR,1992,797743.8125
KOR,1993,879769.5625
KOR,1994,995668.9375
KOR,1995,1120924.25
KOR,1996,1244699.375
KOR,1997,1229958.125
KOR,1998,1129101.625
KOR,1999,1228570.625
KOR,2000,1306279.5
KOR,2001,1360284.375
KOR,2002,1478578.875
KOR,2003,1539034.5
KOR,2004,1632007.875
KOR,2005,1712799.375
KOR,2006,1781658.625
KOR,2007,1890641.5
KOR,2008,1904794.75
KOR,2009,1909636.0
KOR,2010,2022435.375
KOR,2011,2017057.5
KOR,2012,2047390.25
KOR,2013,2012698.375
KOR,2014,2085755.5
KOR,2015,2244826.0
KOR,2016,2342865.25
KOR,2017,2408608.25
KOR,2018,2501608.0
KOR,2019,2546967.75
KOR,2020,2588778.5
KOR,2021,2691082.75
KOR,2022,2669096.0
KOR,2023,2711053.75
USA,1950,2700581.25
USA,1951,2890876.0
USA,1952,2999928.0
USA,1953,3147087.0
USA,1954,3132158.75
USA,1955,3368955.5
USA,1956,3445108.75
USA,1957,3521625.0
USA,1958,3498960.5
USA,1959,3747502.5
USA,1960,3846675.5
USA,1961,3945269.5
USA,1962,4187084.75
USA,1963,4368180.0
USA,1964,4624444.0
USA,1965,4934000.5
USA,1966,5258107.0
USA,1967,5398569.0
USA,1968,5665766.5
USA,1969,5848988.5
USA,1970,5857693.0
USA,1971,6051745.5
USA,1972,6377442.5
USA,1973,6744057.5
USA,1974,6622978.5
USA,1975,6599970.5
USA,1976,6981721.5
USA,1977,7293794.0
USA,1978,7705705.5
USA,1979,7920382.5
USA,1980,7786389.0
USA,1981,8000724.5
USA,1982,7862921.0
USA,1983,8263719.5
USA,1984,8914456.0
USA,1985,9297721.0
USA,1986,9602186.0
USA,1987,9902263.0
USA,1988,10312941.0
USA,1989,10684975.0
USA,1990,10845544.0
USA,1991,10831007.0
USA,1992,11224901.0
USA,1993,11571857.0
USA,1994,12075679.0
USA,1995,12409187.0
USA,1996,12916877.0
USA,1997,13552125.0
USA,1998,14253092.0
USA,1999,14942582.0
USA,2000,15530929.0
USA,2001,15688271.0
USA,2002,15948216.0
USA,2003,16383841.0
USA,2004,17027680.0
USA,2005,17580320.0
USA,2006,18070692.0
USA,2007,18420674.0
USA,2008,18213936.0
USA,2009,17828036.0
USA,2010,18299994.0
USA,2011,18568118.0
USA,2012,19069654.0
USA,2013,19578584.0
USA,2014,20143926.0
USA,2015,20899968.0
USA,2016,21343028.0
USA,2017,21892416.0
USA,2018,22571668.0
USA,2019,23200364.0
USA,2020,22676858.0
USA,2021,24167636.0
USA,2022,24861132.0
USA,2023,25641846.0
