country_iso3,year,ctfp
CHN,1956,0.264697343111038
CHN,1957,0.262111157178879
CHN,1958,0.260660082101822
CHN,1959,0.232686027884483
CHN,1960,0.235263153910637
CHN,1961,0.203575119376183
CHN,1962,0.20633390545845
CHN,1963,0.209157913923264
CHN,1964,0.226753830909729
CHN,1965,0.239502340555191
CHN,1966,0.239771515130997
CHN,1967,0.227687329053879
CHN,1968,0.207631513476372
CHN,1969,0.215950071811676
CHN,1970,0.221448212862015
CHN,1971,0.216800794005394
CHN,1972,0.207355841994286
CHN,1973,0.206325590610504
CHN,1974,0.212710857391357
CHN,1975,0.210157111287117
CHN,1976,0.18783563375473
CHN,1977,0.187487110495567
CHN,1978,0.195558533072472
CHN,1979,0.193335145711899
CHN,1980,0.195597857236862
CHN,1981,0.187338575720787
CHN,1982,0.191417425870895
CHN,1983,0.197971850633621
CHN,1984,0.215939775109291
CHN,1985,0.235989764332771
CHN,1986,0.237279027700424
CHN,1987,0.244501397013664
CHN,1988,0.251582890748978
CHN,1989,0.248403072357178
CHN,1990,0.242927148938179
CHN,1991,0.257497012615204
CHN,1992,0.274163752794266
CHN,1993,0.301267981529236
CHN,1994,0.310935944318771
CHN,1995,0.315398782491684
CHN,1996,0.313980489969254
CHN,1997,0.313749641180038
CHN,1998,0.308848738670349
CHN,1999,0.310680121183395
CHN,2000,0.326036542654038
CHN,2001,0.338364511728287
CHN,2002,0.34209132194519
CHN,2003,0.350558489561081
CHN,2004,0.368637204170227
CHN,2005,0.387925118207932
CHN,2006,0.394405245780945
CHN,2007,0.41160449385643
CHN,2008,0.413073837757111
CHN,2009,0.403140187263489
CHN,2010,0.395049452781677
CHN,2011,0.404167711734772
CHN,2012,0.414909303188324
CHN,2013,0.401730418205261
CHN,2014,0.408635199069977
CHN,2015,0.414834350347519
CHN,2016,0.420263558626175
CHN,2017,0.432371765375137
CHN,2018,0.439275443553925
CHN,2019,0.448498338460922
CHN,2020,0.45294800400734
CHN,2021,0.466502696275711
CHN,2022,0.474106669425964
CHN,2023,0.470938354730606
DEU,1954,0.502675175666809
DEU,1955,0.524271965026856
DEU,1956,0.543025970458984
DEU,1957,0.550659954547882
DEU,1958,0.559944868087769
DEU,1959,0.578670144081116
DEU,1960,0.596603572368622
DEU,1961,0.597149074077606
DEU,1962,0.597055554389954
DEU,1963,0.591492414474487
DEU,1964,0.612323760986328
DEU,1965,0.615336060523987
DEU,1966,0.61038875579834
DEU,1967,0.611294627189636
DEU,1968,0.623657524585724
DEU,1969,0.651348531246185
DEU,1970,0.663623571395874
DEU,1971,0.67290323972702
DEU,1972,0.693518459796906
DEU,1973,0.717367589473724
DEU,1974,0.759581744670868
DEU,1975,0.780246555805206
DEU,1976,0.789516866207123
DEU,1977,0.797104120254517
DEU,1978,0.799608767032623
DEU,1979,0.809870004653931
DEU,1980,0.817859590053558
DEU,1981,0.79204785823822
DEU,1982,0.792013585567474
DEU,1983,0.779373526573181
DEU,1984,0.766836106777191
DEU,1985,0.756063520908356
DEU,1986,0.779120922088623
DEU,1987,0.793335497379303
DEU,1988,0.803229093551636
DEU,1989,0.815350711345673
DEU,1990,0.843458414077759
DEU,1991,0.911854982376099
DEU,1992,0.896440625190735
DEU,1993,0.903941571712494
DEU,1994,0.922065198421478
DEU,1995,0.939322352409363
DEU,1996,0.932548344135284
DEU,1997,0.957083225250244
DEU,1998,0.974722921848297
DEU,1999,0.996748208999634
DEU,2000,1.01170945167542
DEU,2001,1.03671181201935
DEU,2002,1.04553866386414
DEU,2003,1.03488528728485
DEU,2004,1.02324402332306
DEU,2005,1.03932976722717
DEU,2006,1.02288782596588
DEU,2007,1.02870333194733
DEU,2008,1.00912058353424
DEU,2009,0.967760741710663
DEU,2010,0.951706349849701
DEU,2011,0.971384942531586
DEU,2012,0.967489242553711
DEU,2013,0.970366656780243
DEU,2014,0.98620879650116
DEU,2015,0.981896460056305
DEU,2016,1.01068162918091
DEU,2017,1.01617646217346
DEU,2018,1.01597249507904
DEU,2019,1.0399796962738
DEU,2020,1.02575957775116
DEU,2021,1.02246522903442
DEU,2022,1.04185116291046
DEU,2023,1.02178359031677
FRA,1954,0.612044930458069
FRA,1955,0.619031012058258
FRA,1956,0.647767543792725
FRA,1957,0.673397958278656
FRA,1958,0.696178436279297
FRA,1959,0.699262022972107
FRA,1960,0.725509166717529
FRA,1961,0.748502373695374
FRA,1962,0.773893535137177
FRA,1963,0.797144055366516
FRA,1964,0.81844162940979
FRA,1965,0.822100877761841
FRA,1966,0.824414312839508
FRA,1967,0.849545300006867
FRA,1968,0.858137249946594
FRA,1969,0.892580509185791
FRA,1970,0.918557703495026
FRA,1971,0.937262654304504
FRA,1972,0.963817954063416
FRA,1973,0.981367707252502
FRA,1974,1.03978133201599
FRA,1975,1.05960762500763
FRA,1976,1.0482257604599
FRA,1977,1.05653357505798
FRA,1978,1.0914032459259
FRA,1979,1.1043187379837
FRA,1980,1.13497352600098
FRA,1981,1.10109233856201
FRA,1982,1.14602077007294
FRA,1983,1.11198115348816
FRA,1984,1.0714418888092
FRA,1985,1.04710137844086
FRA,1986,1.05380868911743
FRA,1987,1.04589140415192
FRA,1988,1.04731559753418
FRA,1989,1.05605936050415
FRA,1990,1.04869782924652
FRA,1991,1.05262565612793
FRA,1992,1.02803373336792
FRA,1993,1.02660310268402
FRA,1994,1.03625535964966
FRA,1995,1.05178380012512
FRA,1996,1.0492844581604
FRA,1997,1.09987497329712
FRA,1998,1.14033782482147
FRA,1999,1.15502548217773
FRA,2000,1.20046472549438
FRA,2001,1.24751222133636
FRA,2002,1.27746319770813
FRA,2003,1.19321596622467
FRA,2004,1.12042999267578
FRA,2005,1.10371625423431
FRA,2006,1.07495737075806
FRA,2007,1.05900323390961
FRA,2008,1.02486419677734
FRA,2009,1.01192510128021
FRA,2010,0.968885242938995
FRA,2011,0.969671726226807
FRA,2012,0.968189775943756
FRA,2013,0.946403086185455
FRA,2014,0.951782524585724
FRA,2015,0.962124168872833
FRA,2016,0.969068825244904
FRA,2017,0.952686965465546
FRA,2018,0.926388502120972
FRA,2019,0.942259669303894
FRA,2020,0.918414056301117
FRA,2021,0.902548909187317
FRA,2022,0.910163402557373
FRA,2023,0.887171685695648
GBR,1954,0.820801377296448
GBR,1955,0.797933399677277
GBR,1956,0.788255453109741
GBR,1957,0.779546022415161
GBR,1958,0.78667539358139
GBR,1959,0.788795173168182
GBR,1960,0.78101772069931
GBR,1961,0.778928399085999
GBR,1962,0.772061169147492
GBR,1963,0.779725253582001
GBR,1964,0.792391061782837
GBR,1965,0.783023297786713
GBR,1966,0.782272100448608
GBR,1967,0.793719530105591
GBR,1968,0.800666868686676
GBR,1969,0.799310803413391
GBR,1970,0.819404661655426
GBR,1971,0.833010196685791
GBR,1972,0.842140972614288
GBR,1973,0.873528838157654
GBR,1974,0.888691902160645
GBR,1975,0.891553819179535
GBR,1976,0.907819032669067
GBR,1977,0.914346098899841
GBR,1978,0.946818172931671
GBR,1979,0.977841377258301
GBR,1980,1.01469838619232
GBR,1981,1.02055752277374
GBR,1982,1.04436326026917
GBR,1983,1.04188764095306
GBR,1984,0.999917209148407
GBR,1985,0.990523934364319
GBR,1986,0.980726838111877
GBR,1987,0.996665716171265
GBR,1988,0.98899918794632
GBR,1989,0.963347613811493
GBR,1990,0.971210539340973
GBR,1991,0.979886472225189
GBR,1992,0.966121912002564
GBR,1993,0.998783528804779
GBR,1994,1.0075843334198
GBR,1995,1.05814254283905
GBR,1996,1.01618838310242
GBR,1997,1.03324103355408
GBR,1998,1.04993200302124
GBR,1999,1.08688294887543
GBR,2000,1.14494931697845
GBR,2001,1.20699012279511
GBR,2002,1.19737839698792
GBR,2003,1.15878915786743
GBR,2004,1.14730954170227
GBR,2005,1.1347599029541
GBR,2006,1.11381804943085
GBR,2007,1.08752453327179
GBR,2008,1.03300476074219
GBR,2009,0.964356064796448
GBR,2010,0.883833110332489
GBR,2011,0.89582496881485
GBR,2012,0.867291450500488
GBR,2013,0.840107262134552
GBR,2014,0.829143106937408
GBR,2015,0.830129086971283
GBR,2016,0.847811579704285
GBR,2017,0.857352077960968
GBR,2018,0.832993447780609
GBR,2019,0.842049896717072
GBR,2020,0.84792160987854
GBR,2021,0.833309829235077
GBR,2022,0.851331949234009
GBR,2023,0.834241688251495
ISR,1954,0.509685277938843
ISR,1955,0.539274871349335
ISR,1956,0.576647579669952
ISR,1957,0.591348767280579
ISR,1958,0.623451948165894
ISR,1959,0.657921552658081
ISR,1960,0.64556747674942
ISR,1961,0.689529716968536
ISR,1962,0.703441500663757
ISR,1963,0.731208741664887
ISR,1964,0.735033929347992
ISR,1965,0.693393170833588
ISR,1966,0.723094522953033
ISR,1967,0.716938376426697
ISR,1968,0.723946750164032
ISR,1969,0.795638203620911
ISR,1970,0.86854749917984
ISR,1971,0.902412176132202
ISR,1972,0.935852706432343
ISR,1973,0.928645730018616
ISR,1974,0.987410306930542
ISR,1975,1.01664543151855
ISR,1976,0.975811302661896
ISR,1977,0.934110879898071
ISR,1978,0.929309606552124
ISR,1979,0.931949079036713
ISR,1980,0.956084191799164
ISR,1981,0.988018989562988
ISR,1982,0.984817922115326
ISR,1983,0.956986486911774
ISR,1984,0.909245908260346
ISR,1985,0.906157851219177
ISR,1986,0.900591492652893
ISR,1987,0.927361011505127
ISR,1988,0.91640704870224
ISR,1989,0.886113703250885
ISR,1990,0.851001977920532
ISR,1991,0.877793848514557
ISR,1992,0.852810144424439
ISR,1993,0.829153060913086
ISR,1994,0.814794361591339
ISR,1995,0.824497580528259
ISR,1996,0.813391983509064
ISR,1997,0.807859122753143
ISR,1998,0.809574127197266
ISR,1999,0.802800178527832
ISR,2000,0.827740490436554
ISR,2001,0.850016593933106
ISR,2002,0.828745126724243
ISR,2003,0.795268177986145
ISR,2004,0.777739107608795
ISR,2005,0.768133521080017
ISR,2006,0.764988780021668
ISR,2007,0.746957778930664
ISR,2008,0.716218292713165
ISR,2009,0.744183301925659
ISR,2010,0.740368068218231
ISR,2011,0.746298372745514
ISR,2012,0.7531578540802
ISR,2013,0.695297539234161
ISR,2014,0.696329474449158
ISR,2015,0.729307532310486
ISR,2016,0.74736487865448
ISR,2017,0.74693375825882
ISR,2018,0.710604250431061
ISR,2019,0.709877490997315
ISR,2020,0.738076031208038
ISR,2021,0.732106268405914
ISR,2022,0.727882444858551
ISR,2023,0.7236447930336
JPN,1954,0.469821840524673
JPN,1955,0.468021363019943
JPN,1956,0.468922823667526
JPN,1957,0.46917861700058
JPN,1958,0.484603375196457
JPN,1959,0.498682826757431
JPN,1960,0.515663206577301
JPN,1961,0.526496350765228
JPN,1962,0.534656226634979
JPN,1963,0.537680864334106
JPN,1964,0.554136276245117
JPN,1965,0.554183065891266
JPN,1966,0.564227342605591
JPN,1967,0.582965731620789
JPN,1968,0.605003237724304
JPN,1969,0.633106172084808
JPN,1970,0.651037514209747
JPN,1971,0.645857274532318
JPN,1972,0.657414436340332
JPN,1973,0.656661629676819
JPN,1974,0.662022888660431
JPN,1975,0.682643711566925
JPN,1976,0.681704699993134
JPN,1977,0.690286993980408
JPN,1978,0.69659435749054
JPN,1979,0.704698860645294
JPN,1980,0.735294818878174
JPN,1981,0.725260019302368
JPN,1982,0.737100660800934
JPN,1983,0.724324107170105
JPN,1984,0.716634154319763
JPN,1985,0.718400657176971
JPN,1986,0.734561324119568
JPN,1987,0.744063496589661
JPN,1988,0.765414297580719
JPN,1989,0.778367042541504
JPN,1990,0.778117299079895
JPN,1991,0.79615706205368
JPN,1992,0.771711945533752
JPN,1993,0.776894330978394
JPN,1994,0.757449865341187
JPN,1995,0.766300797462463
JPN,1996,0.767745554447174
JPN,1997,0.762391805648804
JPN,1998,0.744610667228699
JPN,1999,0.732966601848602
JPN,2000,0.746676862239838
JPN,2001,0.749795019626617
JPN,2002,0.749776601791382
JPN,2003,0.741451859474182
JPN,2004,0.73605740070343
JPN,2005,0.74609237909317
JPN,2006,0.731837093830109
JPN,2007,0.724536001682282
JPN,2008,0.707285165786743
JPN,2009,0.688595294952393
JPN,2010,0.69497412443161
JPN,2011,0.689626693725586
JPN,2012,0.68524569272995
JPN,2013,0.694311916828156
JPN,2014,0.67695963382721
JPN,2015,0.701235353946686
JPN,2016,0.686388552188873
JPN,2017,0.680302202701569
JPN,2018,0.668954372406006
JPN,2019,0.657060921192169
JPN,2020,0.64131236076355
JPN,2021,0.633846640586853
JPN,2022,0.640356779098511
JPN,2023,0.639849066734314
KOR,1957,0.247519508004189
KOR,1958,0.258711814880371
KOR,1959,0.264277398586273
KOR,1960,0.267843037843704
KOR,1961,0.279101610183716
KOR,1962,0.267355889081955
KOR,1963,0.275520235300064
KOR,1964,0.29328978061676
KOR,1965,0.287887364625931
KOR,1966,0.304290592670441
KOR,1967,0.302802503108978
KOR,1968,0.306028693914413
KOR,1969,0.324172884225845
KOR,1970,0.343349784612656
KOR,1971,0.378045201301575
KOR,1972,0.396287024021149
KOR,1973,0.438670843839645
KOR,1974,0.514034867286682
KOR,1975,0.559398770332336
KOR,1976,0.557628989219666
KOR,1977,0.572298109531403
KOR,1978,0.569479525089264
KOR,1979,0.558540523052216
KOR,1980,0.507303357124329
KOR,1981,0.509649991989136
KOR,1982,0.529344201087952
KOR,1983,0.556490242481232
KOR,1984,0.577519655227661
KOR,1985,0.563494384288788
KOR,1986,0.588801383972168
KOR,1987,0.605814814567566
KOR,1988,0.619490504264832
KOR,1989,0.623306095600128
KOR,1990,0.617966771125794
KOR,1991,0.636182844638825
KOR,1992,0.611863732337952
KOR,1993,0.611575603485107
KOR,1994,0.617986679077148
KOR,1995,0.630532324314117
KOR,1996,0.641540884971619
KOR,1997,0.632425844669342
KOR,1998,0.618107318878174
KOR,1999,0.682245671749115
KOR,2000,0.6907919049263
KOR,2001,0.686028361320496
KOR,2002,0.710735261440277
KOR,2003,0.700656652450562
KOR,2004,0.695138275623322
KOR,2005,0.705442726612091
KOR,2006,0.699661910533905
KOR,2007,0.707510352134705
KOR,2008,0.69260036945343
KOR,2009,0.684100806713104
KOR,2010,0.699791848659515
KOR,2011,0.685391902923584
KOR,2012,0.667213797569275
KOR,2013,0.620577394962311
KOR,2014,0.622738361358643
KOR,2015,0.659733355045319
KOR,2016,0.668592691421509
KOR,2017,0.663235127925873
KOR,2018,0.66531902551651
KOR,2019,0.666869461536408
KOR,2020,0.672617256641388
KOR,2021,0.674871742725372
KOR,2022,0.686116337776184
KOR,2023,0.660838425159454
USA,1954,1.0
USA,1955,1.0
USA,1956,1.0
USA,1957,1.0
USA,1958,1.0
USA,1959,1.0
USA,1960,1.0
USA,1961,1.0
USA,1962,1.0
USA,1963,1.0
USA,1964,1.0
USA,1965,1.0
USA,1966,1.0
USA,1967,1.0
USA,1968,1.0
USA,1969,1.0
USA,1970,1.0
USA,1971,1.0
USA,1972,1.0
USA,1973,1.0
USA,1974,1.0
USA,1975,1.0
USA,1976,1.0
USA,1977,1.0
USA,1978,1.0
USA,1979,1.0
USA,1980,1.0
USA,1981,1.0
USA,1982,1.0
USA,1983,1.0
USA,1984,1.0
USA,1985,1.0
USA,1986,1.0
USA,1987,1.0
USA,1988,1.0
USA,1989,1.0
USA,1990,1.0
USA,1991,1.0
USA,1992,1.0
USA,1993,1.0
USA,1994,1.0
USA,1995,1.0
USA,1996,1.0
USA,1997,1.0
USA,1998,1.0
USA,1999,1.0
USA,2000,1.0
USA,2001,1.0
USA,2002,1.0
USA,2003,1.0
USA,2004,1.0
USA,2005,1.0
USA,2006,1.0
USA,2007,1.0
USA,2008,1.0
USA,2009,1.0
USA,2010,1.0
USA,2011,1.0
USA,2012,1.0
USA,2013,1.0
USA,2014,1.0
USA,2015,1.0
USA,2016,1.0
USA,2017,1.0
USA,2018,1.0
USA,2019,1.0
USA,2020,1.0
USA,2021,1.0
USA,2022,1.0
USA,2023,1.0
