country_iso3,year,emp
CHN,1952,238.530426025391
CHN,1953,244.427505493164
CHN,1954,250.164169311523
CHN,1955,255.780746459961
CHN,1956,263.356689453125
CHN,1957,271.753112792969
CHN,1958,291.992095947266
CHN,1959,303.800628662109
CHN,1960,294.125854492188
CHN,1961,284.456817626953
CHN,1962,279.537719726563
CHN,1963,280.674987792969
CHN,1964,286.261535644531
CHN,1965,291.360473632813
CHN,1966,299.956024169922
CHN,1967,313.570617675781
CHN,1968,327.481292724609
CHN,1969,343.213073730469
CHN,1970,359.084259033203
CHN,1971,373.853088378906
CHN,1972,383.989898681641
CHN,1973,392.371795654297
CHN,1974,403.6015625
CHN,1975,415.203491210938
CHN,1976,426.217315673828
CHN,1977,436.008911132813
CHN,1978,446.707305908203
CHN,1979,459.57373046875
CHN,1980,476.466247558594
CHN,1981,496.539215087891
CHN,1982,522.161193847656
CHN,1983,536.20751953125
CHN,1984,550.419982910156
CHN,1985,564.915832519531
CHN,1986,577.687683105469
CHN,1987,588.969787597656
CHN,1988,605.54052734375
CHN,1989,627.566162109375
CHN,1990,647.399780273438
CHN,1991,662.983947753906
CHN,1992,670.216125488281
CHN,1993,676.427795410156
CHN,1994,682.057006835938
CHN,1995,687.490051269531
CHN,1996,693.967651367188
CHN,1997,701.586730957031
CHN,1998,709.1591796875
CHN,1999,716.567687988281
CHN,2000,723.768676757813
CHN,2001,731.01123046875
CHN,2002,736.9638671875
CHN,2003,741.641784667969
CHN,2004,746.582580566406
CHN,2005,751.312194824219
CHN,2006,755.541564941406
CHN,2007,759.478332519531
CHN,2008,763.157104492188
CHN,2009,766.974548339844
CHN,2010,771.193298339844
CHN,2011,772.32763671875
CHN,2012,772.423400878906
CHN,2013,773.677185058594
CHN,2014,773.977111816406
CHN,2015,774.418212890625
CHN,2016,772.982360839844
CHN,2017,771.330383300781
CHN,2018,769.240295410156
CHN,2019,765.730224609375
CHN,2020,762.124328613281
CHN,2021,757.859619140625
CHN,2022,744.443420410156
CHN,2023,751.184936523438
DEU,1950,30.7108097076416
DEU,1951,31.2887859344482
DEU,1952,31.8737907409668
DEU,1953,32.6815452575684
DEU,1954,33.676815032959
DEU,1955,34.7804718017578
DEU,1956,35.4942855834961
DEU,1957,36.1645698547363
DEU,1958,36.4424591064453
DEU,1959,36.8119850158691
DEU,1960,37.2704124450684
DEU,1961,37.648120880127
DEU,1962,37.7473106384277
DEU,1963,37.7966804504395
DEU,1964,37.846923828125
DEU,1965,37.9869689941406
DEU,1966,37.9016876220703
DEU,1967,37.1753463745117
DEU,1968,37.3088188171387
DEU,1969,37.6952095031738
DEU,1970,37.9167823791504
DEU,1971,37.8544998168945
DEU,1972,37.9924163818359
DEU,1973,38.350154876709
DEU,1974,38.0791549682617
DEU,1975,37.3638763427734
DEU,1976,37.3238792419434
DEU,1977,37.3924827575684
DEU,1978,37.7019309997559
DEU,1979,38.2572288513184
DEU,1980,38.7229194641113
DEU,1981,38.7912483215332
DEU,1982,38.5415458679199
DEU,1983,38.2541236877441
DEU,1984,38.3833389282227
DEU,1985,38.6601829528809
DEU,1986,39.0774955749512
DEU,1987,39.381275177002
DEU,1988,39.6400413513184
DEU,1989,40.0093269348145
DEU,1990,39.876953125
DEU,1991,39.0394172668457
DEU,1992,38.5750961303711
DEU,1993,38.1237449645996
DEU,1994,38.1793022155762
DEU,1995,38.3849334716797
DEU,1996,38.4402847290039
DEU,1997,38.4614028930664
DEU,1998,38.7734031677246
DEU,1999,39.2541007995606
DEU,2000,40.1490707397461
DEU,2001,40.074951171875
DEU,2002,39.9185104370117
DEU,2003,39.5227508544922
DEU,2004,39.6837577819824
DEU,2005,39.6711311340332
DEU,2006,39.8721542358398
DEU,2007,40.4395866394043
DEU,2008,41.0326194763184
DEU,2009,41.1390953063965
DEU,2010,41.3852577209473
DEU,2011,41.8781890869141
DEU,2012,42.3279037475586
DEU,2013,42.5923309326172
DEU,2014,42.9700469970703
DEU,2015,43.3498077392578
DEU,2016,43.9107437133789
DEU,2017,44.5362663269043
DEU,2018,45.1352043151856
DEU,2019,45.5520095825195
DEU,2020,45.2257537841797
DEU,2021,45.3312225341797
DEU,2022,45.8390464782715
DEU,2023,46.0366134643555
FRA,1950,19.5722675323486
FRA,1951,19.7065715789795
FRA,1952,19.7865791320801
FRA,1953,19.7126636505127
FRA,1954,19.7525272369385
FRA,1955,19.9069175720215
FRA,1956,20.1575584411621
FRA,1957,20.3117866516113
FRA,1958,20.2625045776367
FRA,1959,20.1532459259033
FRA,1960,20.1874599456787
FRA,1961,20.1794490814209
FRA,1962,20.1632843017578
FRA,1963,20.3136711120605
FRA,1964,20.5300216674805
FRA,1965,20.5930824279785
FRA,1966,20.751823425293
FRA,1967,20.8096904754639
FRA,1968,20.7566013336182
FRA,1969,21.0690803527832
FRA,1970,21.3526096343994
FRA,1971,21.4435920715332
FRA,1972,21.5748462677002
FRA,1973,21.8702335357666
FRA,1974,22.0702304840088
FRA,1975,21.8954029083252
FRA,1976,22.0878887176514
FRA,1977,22.2983894348145
FRA,1978,22.4010353088379
FRA,1979,22.5600261688232
FRA,1980,22.6753540039063
FRA,1981,22.6763401031494
FRA,1982,22.759349822998
FRA,1983,22.7817878723145
FRA,1984,22.6699981689453
FRA,1985,22.6586856842041
FRA,1986,22.8053894042969
FRA,1987,23.0355682373047
FRA,1988,23.293815612793
FRA,1989,23.6146640777588
FRA,1990,23.82763671875
FRA,1991,23.9008960723877
FRA,1992,23.7733936309814
FRA,1993,23.5550289154053
FRA,1994,23.6917133331299
FRA,1995,23.9412651062012
FRA,1996,24.0886898040772
FRA,1997,24.2841091156006
FRA,1998,24.7212085723877
FRA,1999,25.3317165374756
FRA,2000,25.9722766876221
FRA,2001,26.3433265686035
FRA,2002,26.4711647033691
FRA,2003,26.4783000946045
FRA,2004,26.5107498168945
FRA,2005,26.6906929016113
FRA,2006,26.9864654541016
FRA,2007,27.3878574371338
FRA,2008,27.538179397583
FRA,2009,27.2370872497559
FRA,2010,27.2687683105469
FRA,2011,27.4861965179443
FRA,2012,27.5935134887695
FRA,2013,27.6532554626465
FRA,2014,27.7969665527344
FRA,2015,27.8431262969971
FRA,2016,28.0140552520752
FRA,2017,28.3189086914063
FRA,2018,28.5732021331787
FRA,2019,28.8874206542969
FRA,2020,28.8509006500244
FRA,2021,29.5810012817383
FRA,2022,30.2880458831787
FRA,2023,30.592170715332
GBR,1950,23.2600975036621
GBR,1951,23.6061477661133
GBR,1952,23.5931396484375
GBR,1953,23.7061538696289
GBR,1954,24.0412044525147
GBR,1955,24.3012313842773
GBR,1956,24.5172653198242
GBR,1957,24.546272277832
GBR,1958,24.2812328338623
GBR,1959,23.7631664276123
GBR,1960,24.1862182617188
GBR,1961,24.4792537689209
GBR,1962,24.5977249145508
GBR,1963,24.6510524749756
GBR,1964,25.0008335113525
GBR,1965,25.2548656463623
GBR,1966,25.3700752258301
GBR,1967,25.0639705657959
GBR,1968,24.9446697235107
GBR,1969,24.9468021392822
GBR,1970,24.8593711853027
GBR,1971,24.5001106262207
GBR,1972,24.5797557830811
GBR,1973,24.9559898376465
GBR,1974,25.0299034118652
GBR,1975,24.935941696167
GBR,1976,24.7842655181885
GBR,1977,24.8080101013184
GBR,1978,24.9439601898193
GBR,1979,25.191520690918
GBR,1980,25.0724506378174
GBR,1981,24.3966007232666
GBR,1982,23.9311828613281
GBR,1983,23.7543182373047
GBR,1984,24.280704498291
GBR,1985,24.5868968963623
GBR,1986,24.7273426055908
GBR,1987,25.1968173980713
GBR,1988,26.009744644165
GBR,1989,26.6827716827393
GBR,1990,26.8130588531494
GBR,1991,26.0993633270264
GBR,1992,25.4859943389893
GBR,1993,25.2544212341309
GBR,1994,25.4528388977051
GBR,1995,25.7614154815674
GBR,1996,26.0038318634033
GBR,1997,26.4677295684814
GBR,1998,26.7448692321777
GBR,1999,27.1180992126465
GBR,2000,27.4407138824463
GBR,2001,27.6704654693604
GBR,2002,27.901273727417
GBR,2003,28.18239402771
GBR,2004,28.5074005126953
GBR,2005,28.8082962036133
GBR,2006,29.1150722503662
GBR,2007,29.3505821228027
GBR,2008,29.5937175750732
GBR,2009,29.1409282684326
GBR,2010,29.2130317687988
GBR,2011,29.3527164459229
GBR,2012,29.7002601623535
GBR,2013,30.077953338623
GBR,2014,30.7841739654541
GBR,2015,31.3055820465088
GBR,2016,31.7521629333496
GBR,2017,32.0961074829102
GBR,2018,32.4683494567871
GBR,2019,32.830810546875
GBR,2020,32.5165557861328
GBR,2021,32.6584777832031
GBR,2022,33.2111167907715
GBR,2023,33.6068077087402
ISR,1950,0.426310151815414
ISR,1951,0.489735513925552
ISR,1952,0.528256475925446
ISR,1953,0.538664877414703
ISR,1954,0.548300266265869
ISR,1955,0.562711894512177
ISR,1956,0.582337975502014
ISR,1957,0.606629431247711
ISR,1958,0.626067042350769
ISR,1959,0.637844920158386
ISR,1960,0.650237143039703
ISR,1961,0.674853622913361
ISR,1962,0.705160975456238
ISR,1963,0.736193776130676
ISR,1964,0.766072154045105
ISR,1965,0.792538225650787
ISR,1966,0.813872456550598
ISR,1967,0.832069396972656
ISR,1968,0.850634455680847
ISR,1969,0.874452412128449
ISR,1970,0.890167713165283
ISR,1971,0.927915871143341
ISR,1972,0.975648164749146
ISR,1973,1.01388657093048
ISR,1974,1.01339554786682
ISR,1975,1.03357267379761
ISR,1976,1.05419170856476
ISR,1977,1.09748065471649
ISR,1978,1.14143002033234
ISR,1979,1.16608440876007
ISR,1980,1.17763197422028
ISR,1981,1.20765888690948
ISR,1982,1.23081624507904
ISR,1983,1.27019584178925
ISR,1984,1.28628849983215
ISR,1985,1.27500033378601
ISR,1986,1.33189213275909
ISR,1987,1.36877334117889
ISR,1988,1.41784989833832
ISR,1989,1.42741870880127
ISR,1990,1.63094282150269
ISR,1991,1.74401593208313
ISR,1992,1.84107732772827
ISR,1993,1.98336923122406
ISR,1994,2.15033936500549
ISR,1995,2.28643488883972
ISR,1996,2.3802592754364
ISR,1997,2.45254015922546
ISR,1998,2.51030468940735
ISR,1999,2.59951901435852
ISR,2000,2.70469498634338
ISR,2001,2.71432185173035
ISR,2002,2.75644063949585
ISR,2003,2.76940441131592
ISR,2004,2.81424641609192
ISR,2005,2.90978598594666
ISR,2006,3.00306296348572
ISR,2007,3.13026785850525
ISR,2008,3.24106097221375
ISR,2009,3.3049328327179
ISR,2010,3.40396571159363
ISR,2011,3.50395965576172
ISR,2012,3.64432001113892
ISR,2013,3.7416353225708
ISR,2014,3.84646391868591
ISR,2015,3.93803477287293
ISR,2016,4.06288146972656
ISR,2017,4.18017530441284
ISR,2018,4.27816438674927
ISR,2019,4.34584808349609
ISR,2020,4.30244302749634
ISR,2021,4.3416633605957
ISR,2022,4.58300971984863
ISR,2023,4.67936229705811
JPN,1950,37.316089630127
JPN,1951,38.2412605285645
JPN,1952,39.1478271484375
JPN,1953,40.0189094543457
JPN,1954,40.4956359863281
JPN,1955,41.8603096008301
JPN,1956,42.8568305969238
JPN,1957,44.3096313476563
JPN,1958,45.1014022827148
JPN,1959,45.6220855712891
JPN,1960,47.02001953125
JPN,1961,48.1582870483398
JPN,1962,49.3443870544434
JPN,1963,50.1327743530273
JPN,1964,51.1521949768066
JPN,1965,52.0738410949707
JPN,1966,53.2485618591309
JPN,1967,54.6046981811523
JPN,1968,55.1676368713379
JPN,1969,56.0072250366211
JPN,1970,56.3421287536621
JPN,1971,56.7890892028809
JPN,1972,57.0174560546875
JPN,1973,58.438720703125
JPN,1974,58.4776344299316
JPN,1975,58.3492622375488
JPN,1976,58.8584365844727
JPN,1977,59.4792976379395
JPN,1978,59.867919921875
JPN,1979,60.3315696716309
JPN,1980,60.7890777587891
JPN,1981,61.2351951599121
JPN,1982,61.5547790527344
JPN,1983,62.1243667602539
JPN,1984,62.1679039001465
JPN,1985,62.2749061584473
JPN,1986,62.3766136169434
JPN,1987,62.385181427002
JPN,1988,63.0384483337402
JPN,1989,63.6374549865723
JPN,1990,64.284797668457
JPN,1991,65.5926971435547
JPN,1992,66.3317489624023
JPN,1993,66.5837020874023
JPN,1994,66.6553344726563
JPN,1995,66.8673934936523
JPN,1996,66.9127349853516
JPN,1997,67.3798828125
JPN,1998,66.5859985351563
JPN,1999,65.6704330444336
JPN,2000,65.2610778808594
JPN,2001,64.7689666748047
JPN,2002,63.7553253173828
JPN,2003,63.5438690185547
JPN,2004,63.6831855773926
JPN,2005,63.9229202270508
JPN,2006,64.2040176391602
JPN,2007,64.4457550048828
JPN,2008,64.2170867919922
JPN,2009,63.2816162109375
JPN,2010,62.9963493347168
JPN,2011,62.8651466369629
JPN,2012,62.7342987060547
JPN,2013,63.2569694519043
JPN,2014,63.7834243774414
JPN,2015,64.1638793945313
JPN,2016,64.8264923095703
JPN,2017,65.4842681884766
JPN,2018,66.5834808349609
JPN,2019,67.2273101806641
JPN,2020,66.7847595214844
JPN,2021,67.1171569824219
JPN,2022,67.6910705566406
JPN,2023,67.9327163696289
KOR,1953,6.36104202270508
KOR,1954,6.36476612091064
KOR,1955,6.39553070068359
KOR,1956,6.47955656051636
KOR,1957,6.59046649932861
KOR,1958,6.71614646911621
KOR,1959,6.86294221878052
KOR,1960,7.02718734741211
KOR,1961,7.31147336959839
KOR,1962,7.5922589302063
KOR,1963,7.87166786193848
KOR,1964,8.0064001083374
KOR,1965,8.40908241271973
KOR,1966,8.62733173370361
KOR,1967,8.91526222229004
KOR,1968,9.3493709564209
KOR,1969,9.60801410675049
KOR,1970,9.81033897399902
KOR,1971,10.2574777603149
KOR,1972,10.7887783050537
KOR,1973,11.3706092834473
KOR,1974,11.8186292648315
KOR,1975,12.0539216995239
KOR,1976,12.7839546203613
KOR,1977,13.1383466720581
KOR,1978,13.6826877593994
KOR,1979,13.8460216522217
KOR,1980,13.8832302093506
KOR,1981,14.2054681777954
KOR,1982,14.5528717041016
KOR,1983,14.6614952087402
KOR,1984,14.5727386474609
KOR,1985,15.104549407959
KOR,1986,15.6358699798584
KOR,1987,16.4838752746582
KOR,1988,17.005199432373
KOR,1989,17.6594371795654
KOR,1990,18.1872406005859
KOR,1991,18.7272968292236
KOR,1992,19.0754985809326
KOR,1993,19.3090763092041
KOR,1994,19.9261779785156
KOR,1995,20.4982490539551
KOR,1996,20.948751449585
KOR,1997,21.322509765625
KOR,1998,20.0505714416504
KOR,1999,20.4050960540772
KOR,2000,21.2578907012939
KOR,2001,21.6788730621338
KOR,2002,22.2760200500488
KOR,2003,22.2679061889648
KOR,2004,22.6818008422852
KOR,2005,22.8313007354736
KOR,2006,23.1881008148193
KOR,2007,23.560998916626
KOR,2008,23.7746028900147
KOR,2009,23.6875019073486
KOR,2010,24.032901763916
KOR,2011,24.5265998840332
KOR,2012,24.9549980163574
KOR,2013,25.2992000579834
KOR,2014,25.8971004486084
KOR,2015,26.2476005554199
KOR,2016,26.4659996032715
KOR,2017,26.7868995666504
KOR,2018,26.8222045898438
KOR,2019,27.1275596618652
KOR,2020,26.9212226867676
KOR,2021,27.2961273193359
KOR,2022,28.1217231750488
KOR,2023,28.4401531219482
USA,1950,62.4649085998535
USA,1951,64.9348526000977
USA,1952,65.8290939331055
USA,1953,66.7851028442383
USA,1954,65.5197067260742
USA,1955,67.2933807373047
USA,1956,68.8955917358398
USA,1957,69.2199401855469
USA,1958,67.9430923461914
USA,1959,69.4828796386719
USA,1960,70.6460189819336
USA,1961,70.6938095092773
USA,1962,71.7677536010742
USA,1963,72.7672500610352
USA,1964,74.4171905517578
USA,1965,76.191047668457
USA,1966,78.5942001342773
USA,1967,80.5108032226563
USA,1968,82.1303176879883
USA,1969,84.0793533325195
USA,1970,84.4425811767578
USA,1971,84.6576461791992
USA,1972,87.0524063110352
USA,1973,89.9233474731445
USA,1974,91.6357727050781
USA,1975,90.5058212280273
USA,1976,93.3249664306641
USA,1977,96.5252380371094
USA,1978,100.492530822754
USA,1979,103.14087677002
USA,1980,103.470497131348
USA,1981,104.698364257813
USA,1982,103.979858398438
USA,1983,105.435424804688
USA,1984,109.861747741699
USA,1985,112.190933227539
USA,1986,114.729598999023
USA,1987,117.664184570313
USA,1988,120.204109191895
USA,1989,122.550140380859
USA,1990,123.909660339355
USA,1991,122.739585876465
USA,1992,123.287582397461
USA,1993,124.845741271973
USA,1994,127.499229431152
USA,1995,129.18815612793
USA,1996,130.841674804688
USA,1997,133.488845825195
USA,1998,135.237609863281
USA,1999,137.152206420898
USA,2000,138.807235717773
USA,2001,138.769241333008
USA,2002,138.339965820313
USA,2003,139.01806640625
USA,2004,140.763900756836
USA,2005,143.133728027344
USA,2006,145.8642578125
USA,2007,147.297500610352
USA,2008,147.243347167969
USA,2009,142.301330566406
USA,2010,141.964340209961
USA,2011,143.617950439453
USA,2012,146.331634521484
USA,2013,148.027877807617
USA,2014,150.637252807617
USA,2015,153.071655273438
USA,2016,155.681167602539
USA,2017,158.468490600586
USA,2018,161.065612792969
USA,2019,163.923538208008
USA,2020,154.939697265625
USA,2021,160.861312866211
USA,2022,165.578491210938
USA,2023,167.539749145508
